product_id,multiplier
B0001LO3FG,0.9759177392536603
B00BUKL666,0.7312275936542716
B00542YXFW,0.5384528351207911
B008QMX2SG,0.6329242707142622
B00D3M2QP4,0.5716566572925236
B000168QTU,0.6623132711164251
B0001ES9FI,0.5359190275895604
B000YN2GVY,0.6578598850425139
B000X3TPHS,0.6126963526882805
B01E5XTW24,0.6480751205870099
B000F4DKAI,0.6099043158059408
B000EVMNMI,0.4953077604723992
B002HQCWYM,0.5514832364035225
B00DS842HS,0.5389937433548957
B000Z93FQC,0.4807930095386158
B00CPZPYLS,0.3796155741672116
B000H2XXRS,0.41375719012029316
B00PFDH0IC,0.7726097044455641
B00EDHW7K2,0.5958601616569504
B00C1LXBFC,0.5268352958297374
B00M2OGS08,0.549409840369185
B003OGKCDC,0.3454364683973283
B00XA8XWGS,0.5322843489833753
B005K4Q1T0,0.4862107990107715
B007JINB0W,0.5925853850792488
B006CNTR6W,0.30660674961401674
B00KCCKV8W,0.3298938558952879
B006IOKA9S,0.40348528684007545
B00WBUX2UM,0.5473637553287105
B00R7PWK7W,0.49341321124591914
B0014WYXYW,0.6556230053886964
B0010BQB6A,0.5788124134184288
B00112O8NG,0.5608645063087138
B004JM3VF6,0.40905083383262847
B000WV0RW8,0.4608816990877228
B00K2RY8GI,0.4560695986039769
B00KSN9TME,0.37421062277955897
B008MOMYRI,0.3572081212975676
B00014JNI0,0.46652069552592235
B00028MOQS,0.5618418895510785
B0131A6FJA,0.4224387790866883
B00EDADBSQ,0.4474908447583123
B000HDK0DC,0.4178492675996598
B000U0OUP6,0.46276005199528847
B000E1FZHS,0.4886351555360199
B00EKLPLU4,0.37129905380709144
B0009F3PM6,0.47059504863085744
B000PDY3P0,0.4471120981809721
B009OWOKFQ,0.4219034616278472
B00H889MGK,0.3850806901163721
B0027Z5J6G,0.42351170341247457
B0001M0Z6Q,0.5152306909717564
B000GW0U9I,0.4732516027410759
B0045IO2VQ,0.43879271943513365
B01GH3JVZI,0.3484922804226988
B005K4Q1YA,0.3484771559379724
B009E7YBEQ,0.3933459909764987
B0010SEVWO,0.5952861200614179
B005HB19KW,0.45491981402117665
B001534QYW,0.5438089396049641
B00I4W2VX0,0.4333688419965829
B000WGB3OY,0.5439818923134225
B000LL0R8I,0.38498984147204623
B006CQ1ZHI,1.0
B01EUEIL3E,0.6127614809087251
B0019K980I,0.4518827782366111
B0000CFPI2,0.50417826007059
B000HRS7OM,0.40178839637251157
B000NE6H82,0.4483532301984946
B008I1XNMU,0.40146385461136463
B00012NHAC,0.5333117675942004
B001N2GRX8,0.4739643636766609
B001181NBA,0.4843357985659533
B001D0KG1Y,0.35875939421723063
B00451W2ZG,0.4252212774908658
B00017028M,0.4714757645092185
B00RW0MZ6S,0.4171572395499139
B00XOORKRK,0.4020483044977508
B0029XDZIK,0.3428348614346857
B00117YT4Y,0.5088352915232421
B00N0JHZ5G,0.5221624285977301
B00MQ6F3AS,0.7349103106884223
B005YVU6FY,0.5982070059584902
B001D0GV7C,0.3558042136571941
B00EFE7R8K,0.5375273624875955
B0010UOGWM,0.48196248719224694
B00DTVBEY8,0.4406195071080069
B00ARABK20,0.4210591087798266
B004W8LT10,0.4090219320063572
B00HNTPEWU,0.4204627107757463
B00PWW3LQ6,0.3497074553237052
B000WL39JQ,0.4971357626887423
B0001CXUHW,0.509528364036804
B004LKVRKM,0.4428963290920517
B00MYRXIIS,0.4896588072916834
B00PV4FG3Q,0.4404570105587508
B00KSIE39I,0.38921206067868624
B00EYFKNL8,0.6293787996550821
B000PGSL5K,0.42819066390658533
B00HNTPF7E,0.37187005306879267
B00ZK6FXPG,0.5401632160806642
B0058AN1N0,0.37030407804774074
B0015P54R8,0.49846800384092216
B00DDT116M,0.46866929137399876
B0079OL6T4,0.4641696049373381
B006H7YCVI,0.46665965478271193
B0002AUTN6,0.5029904761712577
B0009F3QKW,0.4010406536426855
B0009F3SDC,0.3691003739886448
B003Z6ZGZK,0.33939703148200157
B001P22K5U,0.3908454836318573
B00FRTS2CW,0.5499309252100171
B013KTYFYO,0.4647768474157608
B00CLD76K6,0.4274611249978483
B001XUO8AY,0.4076412606461829
B0000DID5X,0.46708626464378655
B0012BSDNW,0.5708433367677698
B00IVT3LVM,0.33881360783940784
B01133LB1E,0.44076133352565866
B01G0S3Y44,0.4583933843954671
B005R0ZFW6,0.39608098743451636
B003DBL4VC,0.5495452801023323
B00ERWVI8A,0.38601631206422726
B00FL7J3O6,0.43566402786393793
B00LY95FBU,0.37385463772439087
B0000D9169,0.6690883203232049
B0000D916Y,0.6204738292065366
B000DZDJ0K,0.35277544856219323
B0094ISOMA,0.3738575011729387
B000OQ4A3S,0.35416943342097257
B00ET7LPK4,0.4615383795056055
B0060KOGI6,0.3530958282129106
B004AFKYDE,0.46480754834729043
B0007QMT7O,0.4178456698304868
B01EIA2YXI,0.5372105395686967
B000E8WIAS,0.362087371861205
B0029XLH4Y,0.36035556391298856
B000SMN0DO,0.397898193117212
B0012JNRKS,0.5364784246714915
B00VXQGY64,0.6343020302096655
B00DILCU92,0.3624887585398659
B000XBCBW6,0.4894413676150018
B008YA1ZXO,0.34950399131668886
B00KDCCYFY,0.5355330335073495
B000F6SNPS,0.3713875862108391
B00D9RRZ3Q,0.42560532039197857
B012YAV43A,0.45058573559485293
B000SWTKV0,0.38279044155304026
B000L8CB76,0.3959182745859363
B00474ASJI,0.37670952981593736
B00BG0ZJ0Y,0.41457349711650665
B002O58YH0,0.3792344579310542
B005C1GRRM,0.41183781355559235
B001PB4LR6,0.5680206835933245
B00F1G84ME,0.3302688692671197
B01E9D0OR2,0.6479652013760884
B006N3I5N2,0.4138390096268477
B00XTVD9JG,0.5179387493309584
B000GAT6NG,0.3681338496997097
B0000DI145,0.4449875780116584
B010ULFOWC,0.338514687566903
B00027EKKW,0.45013866752404524
B001O1Q0NA,0.37514752545803415
B01BTNMGXU,0.4826156146348855
B00A7K396K,0.36060757835068113
B00HVJI7KI,0.38768569904395056
B0099HD3YA,0.4123529740658001
B001D0IZBM,0.36778510189723473
B00C584ALK,0.41757770621115686
B007B9EMHK,0.41645176352220153
B000CL4MFQ,0.3957420261015698
B00TBUHRRO,0.3872235056542496
B0015DGDR0,0.5470691995067524
B00GRNUJYQ,0.3715515140168732
B0012OTF3Q,0.48169582487508517
B000SANSSS,0.37426675400675125
B00IZL255O,0.43731425868804347
B00Y8HZS1W,0.48351899777012186
B000EDDS6Q,0.3674546544603352
B0007STDKI,0.4054782722781325
B001795P3K,0.45476796510245016
B000WB1YSE,0.45640741276821334
B0009F3QKM,0.3562866012239037
B0009F3SC8,0.35819844096688913
B004C7MTLA,0.3550502038329243
B00AAJRPZY,0.524564605590802
B004TJF39Q,0.36719157912281153
B00N14ZDDQ,0.3726388068038099
B0011MTYF8,0.6239549401669346
B004391DK0,0.36360130718614186
B000EQT77M,0.37106719285729023
B001SAQOKQ,0.4614048309230221
B001E55ZQO,0.38070295177557606
B008VQ1P1I,0.36465171765470544
B01F2PYV20,0.5114983972229274
B000WS039S,0.49543469071071405
B00F2GW4J2,0.3776093754343309
B00VW58YWS,0.4929661996539807
B01CUW7HPG,0.4697304218327433
B000H26J7E,0.35802420623444864
B001XSMANI,0.36809399917344066
B001EQ5JLE,0.3590248246171273
B00EGXGKHE,0.38802222912015677
B001GQ3E4G,0.3544943262374891
B001HTR1ZU,0.39226664981309534
B0058AMYTC,0.360970141774329
B005QOLSJ2,0.33143942892134576
B00XABKAWY,0.35857662606356877
B0000DHXGL,0.5177860371865272
B0098WV8F2,0.360268482557421
B00ABKWSTA,0.3670076145508325
B003QU2LYY,0.3550381648077632
B00WTCFQQ0,0.3437131657845808
B00CLLV2D0,0.37173744066184383
B00CZ2KYRU,0.4002259517940956
B000FRUMBK,0.3531652393363446
B000FRSSFC,0.354282379174957
B000LKZ78E,0.4289035440369413
B000H7ELTW,0.359579427677289
B001EO5Y8Y,0.37978646486257805
B002RNYAHM,0.3988729644947012
B0014EOU4S,0.4630619612816393
B002863BIW,0.3812680539046822
B003YKP1Y8,0.361650655013742
B00HDLZ072,0.41134629794034827
B000GARX3G,0.36003022892771136
B009PARMMA,0.4203936944073579
B0001N48SG,0.4711135455006767
B000FDDET6,0.3614808171384031
B0007R9L4M,0.3873078906129963
B008YDK8SO,0.3567476669734372
B00E0WB292,0.37674961206568525
B00KRFLDBS,0.46336581958422784
B00EQA93OY,0.39190342536903144
B00N0JIAYQ,0.4504385545945621
B0029XDZKI,0.3348929032702593
B0011FTX8S,0.48443233931835206
B0068ZWMFC,0.35576166184384833
B00CMQD3VS,0.46440853350250955
B003Q4TS78,0.4208497924864007
B00AIR3Q38,0.540777544530618
B00CSBT4U6,0.38284312521310193
B00W8AZPWI,0.34798000652845656
B001LFABO8,0.36008746689610566
B001P22S8O,0.3613075145910649
B0000CFH7B,0.4453745863137538
B001E5E0D8,0.3616231813394042
B01A6R1LAO,0.5592268541870771
B0057JF92S,0.35370326988727946
B0013P3KC6,0.4501841674546016
B00778B90S,0.3771235704881708
B000GFYRK8,0.37142356057407955
B000V1AWBK,0.3584634408514754
B000JVABZ4,0.36558893273273746
B000CQ01NS,0.3537803431705775
B000CQ01GU,0.3522956392962411
B0000W0GQQ,0.4536678124605603
B00HKOCF02,0.39561450462364156
B00VTR18Q8,0.36261017884218605
B00DT752O0,0.39138244865052074
B001VNGNLU,0.36958617388508563
B00856TSCC,0.43670727684288985
B0046EFJES,0.40265130249233383
B007PA34CE,0.34953933553899863
B0057IRSF0,0.3500910008201941
B00HZ7HSTW,0.42121050606329496
B00EOVK37G,0.38095768146746595
B0007LXU0Y,0.37353587289155105
B00WLTPRYM,0.4978356276481516
B004HK46C2,0.3586007614782902
B005TKVU64,0.36449907731665004
B00YPM5X2Y,0.613711545610743
B00HWHFIMO,0.3745300614573096
B00QFR9X8W,0.43578002367215807
B0009VFDEI,0.37238642491362745
B000Z978SS,0.48327626361281534
B00G784TFQ,0.36283764514942524
B002SWB73C,0.3785725640206591
B00JPJRQ7W,0.38937225259722064
B00XXK8QN2,0.5294776328445743
B000VQDABY,0.4512127854272746
B00099XK6I,0.37263788448224716
B004N8LMFM,0.3592228689277023
B000CQE3HS,0.3556522468261951
B00I08JHCQ,0.37472616969711303
B005XEO112,0.35547344217344773
B0001LQJZI,0.45942141344448845
B00193WZQE,0.3364509982940354
B006VXU6ZO,0.8190889121267055
B00UI10SDU,0.4474011309740662
B00THPH2BO,0.3710954412618269
B003DQDK50,0.339313770043143
B000FFLHSY,0.33746332053581907
B000BD0SDU,0.35760099632411063
B000G7TBUW,0.3704196577046006
B00124TTG4,0.47216521560285796
B00IZL2572,0.3642103506699289
B0016JKXGU,0.46762951655171114
B0041XEMNI,0.37126437950128843
B000EITYUU,0.3552279252599219
B00BPX4OPS,0.3293967248137052
B000E1HUVC,0.34994688320515416
B000WLGCPY,0.4492283293051837
B00284TTG2,0.35664363988926057
B004OLKF60,0.3516705152591823
B00LLILH98,0.3253592091430973
B01CRXAYH6,0.43043617576334986
B00DUOB5YI,0.35389351676511616
B004B9T82W,0.3625783979127628
B01D6N30ZE,0.3383354885740439
B00K6QUKOO,0.36993773149493964
B000HDKZK0,0.36295515186688815
B00117CG30,0.488256004238723
B002ATJ61S,0.34749180397981716
B000VK6FPS,0.46994681222664114
B000E1FXQ6,0.367018999078293
B000GZSDZI,0.34628453605265663
B00HQDVRU6,0.3622779397179538
B00819SSGK,0.3380282848574746
B015G9SH6I,0.6801425380566706
B00FD2U4GU,0.39432500696172124
B007P4MADE,0.40827663779584866
B00271OPVU,0.35407036034376244
B005HG9ESG,0.43383057249722246
B004VLV6ES,0.3640698997050687
B01G4I8WCE,0.4784382749382419
B00PXRX5TI,0.38477991379351845
B000UEUAGU,0.34744433686317744
B013IG9KVW,0.3800511561038995
B000FKL0EU,0.34591871790177814
B004M15U12,0.3818294708676372
B00FCZJ7CK,0.34947126910175336
B000F4DK9Y,0.36377906973006197
B0016BFR4G,0.5331928895840693
B000VK3RPY,0.47439863089121215
B000EVN2ZK,0.362523776008526
B000ORSIJ4,0.37755613625626605
B004W9SFT8,0.445590202154472
B000GG0BQ6,0.3385178558283574
B000GG0BNE,0.3421656281765244
B000EMX13C,0.3574055225423108
B00CB1QP46,0.3749862548340614
B01E6WOVX4,0.467734123224413
B00P6TUO5G,0.357657590712351
B005ISUOEQ,0.3858151958552428
B003VXFK44,0.3501307638588732
B010FBXO38,0.3648400334347511
B01D19RF3Q,0.4260929333318837
B00S0ABRNQ,0.3390854769567486
B00269VK20,0.3988452902688968
B005Y1L0BS,0.01853057399701351
B00623HKBQ,0.16906755549985103
B000CRIUNU,0.2176837112291431
B00GRY33AC,0.21741517228437085
B00WSZ4EFC,0.25351439228811834
B00U9VYJAW,0.41947983654804794
B00F94YP8A,0.17464434447626612
B0004JR8SE,0.37586024848406496
B001HTJ2BQ,0.24542133610499767
B0025WGHEE,0.09731963973336298
B00FMBL5G0,0.3578158081428672
B00016XJM4,0.5187173028231107
B008VQ1RF2,0.1235193888843881
B000HDMXGO,0.30874882840055795
B005GTTTBQ,0.29816705936847
B001HTKPEO,0.026582381807975532
B000WV0TS0,0.36388126426254924
B00H32IUZK,0.5194952127583006
B000S75D66,0.5259017914332188
B0001H22B2,0.33563823743297794
B001HTKS00,0.08551174971743795
B00008RCN8,0.5167662385515459
B00ICT6ARS,0.13302095372841208
B0029JU5SM,0.43035184818948286
B017N8HLLC,0.49675854188464974
B00E1P4L1Y,0.06584458535553955
B001M09BQQ,0.06941571428391766
B002RBRY0Y,0.5301971165140088
B010FBXOLA,0.4051124919425975
B00J5HD588,0.5297294353702064
B0015AWU7U,0.3637027089053485
B000ZM34MO,0.08967208036636626
B0014LNIPI,0.17811350465093195
B004K0862K,0.028859882295388536
B003V5V5J6,0.10909268374320544
B001AQTUK4,0.10168137338322067
B017KQSD7S,0.2586901145192875
B0013OX8II,0.025570016594525114
B002ZOG2B0,0.347612444463513
B002ESMSRO,0.3615306872410315
B003SBRP1K,0.296854064816914
B000AXWA0A,0.19313529819860978
B003IHO8NC,0.42446703757926896
B00ESDZIRA,0.22381122406528808
B00JJGN14S,0.12831230898703222
B003E1J6DY,0.4350525075757287
B007FK3OG0,0.031732781920873074
B0001N7RLQ,0.2160350333091722
B00NY3LRHK,0.5229148843089423
B003V8Y5F4,0.41147333579212386
B00FLJY8IK,0.00871104004128534
B001CTO0YA,0.1326798668094612
B00NY3LPGI,0.10233238499534351
B000EDG598,0.34557746960822705
B0010VSBPO,0.10755216144525215
B001YJ2VOO,0.05543309356782963
B005K5GONM,0.40371587637340417
B002VLZ8D0,0.19958816554133704
B000GFYRHQ,0.28547793498522944
B00WXZJTS4,0.019464731761542037
B0014ET2MI,0.0285447068603913
B001CGTN1S,0.09876522031333941
B00IDCFXG8,0.0852089077340231
B00SBT6E8E,0.5245396689216134
B00O80NU00,0.2633061785184451
B00112IM56,0.41330424002160265
B008YDVYKK,0.24996248416912967
B00AAVK5PY,0.16252646802458162
B0037B6IZU,0.1348821546950691
B00BBGODPU,0.1488208916723261
B0000DA0XJ,0.15854902102213997
B00113ZZ5U,0.4576461280196093
B007KPFS1O,0.2729684028444355
B000OZFECU,0.36743020841930274
B00BXG7IO6,0.24718079278184146
B001OI3RS4,0.0687015369375979
B0094FMHWQ,0.22345717343650257
B000HDJXLW,0.14896548715971838
B00AX0CYWE,0.27846969724590603
B0017O19Q2,0.25799535448294747
B000HDI5O8,0.3932030848928435
B00ZEA5ESY,0.10853612314022106
B00P6W4MWO,0.1731717621022042
B012NC1KBK,0.1438896347248461
B0009F3POO,0.3600748195485365
B000OP1W0S,0.312025490587463
B013105TMY,0.5142312054655296
B01H2EE9X0,0.29075470012438936
B00TY15GO6,0.40715937437613775
B007XA49BG,0.04160992906414007
B00K2RY41M,0.3832099803620767
B0013L0C6W,0.4221396306534024
B004XCG74Y,0.3373822254172777
B005L9YN6M,0.022402482426602203
B00H8YGOMO,0.5124321340085454
B005OHBN1Y,0.16098485273851557
B00C7MGHWE,0.14596845424799812
B00H2AAXMQ,0.4167654686441052
B0000E5JIU,0.3203319507071784
B00HES9CMS,0.11092519991538195
B000KOWLDK,0.06594712079058113
B00JWUF7U2,0.34409958429014886
B0000DG8AR,0.033883760785801194
B004VRHJ8Y,0.18335947152348311
B006MWDFUC,0.11156481776798119
B000YPMKXQ,0.06986874132467302
B00KWX688S,0.02876472889653247
B00TSYPA2M,0.19467023835440334
B004N99WMQ,0.48739789160398594
B000V6T4TQ,0.17163392006392514
B001ELL4ZY,0.06352150609672097
B016B3EEA6,0.2350778307055954
B001H0FI0O,0.3178654824953861
B0009F3SD2,0.1601466412164474
B003GAJQ92,0.21080923637071544
B00PCV50G6,0.16822667720750542
B00HVJHXGC,0.1423749879280361
B00TT6LEU6,0.2815596332311678
B007GPARA0,0.24871716541415018
B001E8DHPW,0.2588755165721974
B00AWJ2ZFM,0.14464226090013482
B001RVFEGQ,0.31961104861987805
B000X1Q1G8,0.1556624820860544
B000WSK5N2,0.12498239732054758
B004ZG4DLM,0.4288223110853319
B000FFIL92,0.17146048395853136
B005T1302A,0.5308896542253949
B003ZFLNDU,0.11584294830981065
B00MRAQUM8,0.0433479970000078
B0012VSXIM,0.1437506602158873
B001SB1SEM,0.10424953083945336
B00KCUXRLC,0.08250796463665752
B000WS1KHM,0.056247099604876574
B007MI2O6G,0.27044573963156293
B00UCIM530,0.044564847933754176
B003V5HEXC,0.1418783205911653
B0002YRJ8K,0.23022919084417795
B00I5FWZA0,0.11136355744941313
B000BXSRT2,0.3572144067203085
B004YGQK5K,0.30407237423632877
B01HGBAFNC,0.2736371776645637
B00GODIBMQ,0.4158913464708585
B004NRLAVY,0.42921255056653335
B01D5F5DM6,0.24108748946330227
B000HDJZWO,0.14655034194935337
B0134ETWMU,0.03443865702212218
B005HUVI0E,0.4829143714225388
B005CV7W58,0.3283660227120048
B00294Z8MA,0.48683595986278866
B011DMQRXW,0.10599999287968315
B001THPU76,0.030885249272786675
B00XA1075Y,0.29747035111504094
B002F1PSZY,0.3074737124310789
B001FVNM4Y,0.46631879640814067
B0009F3QL6,0.47887010042176875
B000CONMBS,0.3265164974510503
B01E89YPDQ,0.16795300219247203
B00NG6PWPS,0.3334055990574598
B00PT66JYQ,0.17006015256624643
B0176REM6C,0.30188705908978664
B000YGISMC,0.33467364717700226
B00X8ISNRS,0.3939068711124195
B004EKHMXU,0.32929240461954945
B00G6I14Y6,0.37805787178465083
B00M8HPGMU,0.16053848048504982
B017GC6LXY,0.5089975238107177
B006K3RCPC,0.28623320599721613
B011QIAIW4,0.13434502038102736
B00H29LREA,0.2650429279703882
B00EKL415U,0.0704389393492757
B001PEWJWC,0.3114224722784713
B003SRHDMK,0.16640996617972342
B003E6COMO,0.4951072019760108
B003H7YHUW,0.24639457691302366
B00374XTQI,0.17059086844348478
B007K6SSTC,0.34182241134703395
B00132RPN4,0.22296982316837982
B002GWFAXW,0.020764299103106735
B000OY2OQK,0.5022790774520293
B00K57JJ96,0.2212234772389481
B000ZEIR6U,0.1960936783724944
B00D5GGNRA,0.2199795362870966
B004AWTR6M,0.5001033412485026
B0078DQ85S,0.20944879376924727
B001652KK6,0.5078470340471039
B0070XZ3BQ,0.24397846352118702
B001F35WSQ,0.25555185796907043
B010OITYIQ,0.3816898934065746
B0055IRNAC,0.4629259018347065
B000F3Q6W8,0.5153142230423707
B0013E7C0S,0.42104923490893287
B002GWH92W,0.1455422652207143
B005GBXKCI,0.28250794923375694
B000FFIL60,0.40632128377268234
B01F2TSY1A,0.019968552010621983
B003X3NBV6,0.5109193150773708
B00IC8S8YW,0.50103017821044
B000WLJICI,0.43197187616815935
B00H9H56QA,0.5086073373558353
B00GKOIRQE,0.5309297384374856
B000RHY1YW,0.06331794920538258
B005R82T5E,0.41485246118221775
B0001APXYW,0.35138433257203455
B00HVJIKZ0,0.1609803136988596
B00K5R4ZWM,0.2961181772543022
B001EO617M,0.44924578185752134
B00H32JEWI,0.07606283023826951
B000DZE0XK,0.18757554370719912
B00CAWEJCG,0.4322183846389937
B00GKL51PW,0.023002902393528084
B00164V1DE,0.5102494894991372
B0014UH7J2,0.13443867213939825
B0014GPSKQ,0.40632744922088804
B000TK6LBS,0.14388822615833394
B00313L62Y,0.10689198302675801
B00016LZT8,0.4413017353492778
B00AO7HZWA,0.5287850013407317
B005HIWRHE,0.18112823766988384
B00U45YWSW,0.17035460067322344
B00B5I1ZO6,0.48189253645637725
B00136MKEO,0.29428328971568546
B00RU25ST4,0.366891482314213
B00D5QPCCM,0.29477142794513866
B001651282,0.45737392283675266
B0006SFQGO,0.4452676725872533
B00JVWJR70,0.07601380610935078
B00286KM2A,0.13341811980395493
B013XAWE2A,0.44364083484243727
B00RH6KETM,0.12876318456812952
B002GWFAX2,0.17624062651943345
B001DCEFSC,0.4521229473667405
B001JKMWY2,0.1606793454779269
B0019QG5CG,0.05702062899111883
B0010Y6QBC,0.42138560134939035
B01G36SNYE,0.027753604640848268
B00J074W9Y,0.2906782465036674
B000X5M5R8,0.5317166749292604
B004X73DAU,0.19974949245197213
B00B5DB06E,0.1706550132574339
B005KK56JU,0.16513246942872953
B000QV4U4U,0.0391747558058345
B00GMIWNSG,0.21219154097933052
B00DB8KKDK,0.5180883693595658
B001HTIUDC,0.23800117707974225
B005A1LG7K,0.22205616509459505
B004CNIZNU,0.49770263145971483
B0052XN0EI,0.1573931815843119
B002JANPDI,0.0233172007303837
B01DHYLBIK,0.44797520135592417
B014LT0712,0.09905021564492252
B006QB9B1Q,0.0184975449608739
B00HVAWB54,0.5240338826461024
B001E5E0NI,0.026382199116317312
B001LG940E,0.09303851672339647
B005FC73VW,0.12775483301989846
B009IVD4D2,0.06267421806944057
B00K5D4NDC,0.34156359898460276
B0015TZAY6,0.4036464233713056
B01D4B2EF0,0.31737856054453034
B00474OR8G,0.15163256459940547
B0016BCEE2,0.40075035159685446
B000WR8TT0,0.3533813303246872
B000WL167S,0.29226140699371894
B01DKX9CIE,0.05754679187453331
B01HH79XRE,0.1304793032318199
B0015NHM5M,0.020196540647224887
B001EO5Y52,0.43185836025975594
B00032BOMI,0.2610436781960673
B00124WBCS,0.1627447952942866
B00I44C6EM,0.0847662601222672
B00W2YP17E,0.1471243130442935
B0012DMI1S,0.1902011847883575
B000YBKP50,0.47921267748374546
B000EDI2QM,0.16517759814115895
B0019LRH50,0.03773674450527329
B00DS4Q1IK,0.43167304592990363
B01EAG3VZA,0.5220956430260458
B00EHNLF4Q,0.41341417878545744
B004LWOJC8,0.30521195896447934
B00PCRUU7E,0.1570716967694565
B0010TEJTS,0.24604413298146224
B008JA73RG,0.4479897141204927
B0001SVZGE,0.13327392224580453
B001SB8AZC,0.46973950486169513
B00OJMI0CK,0.15525215787875937
B00K8AHSQG,0.18481420934799248
B00DDT66AS,0.4420648891674678
B00FQ24A9Y,0.2926409376695471
B0002PHEU2,0.3700911308023636
B0002VXZ40,0.2549028249905382
B0009F3QLQ,0.37910587263958023
B000EM6PG2,0.43553240071821253
B00CPBS2E8,0.5308179537621315
B000LKVIEG,0.5000000118852447
B000FOIYS6,0.4300534266419477
B00G028SHO,0.3621886152564256
B00BEAZTGA,0.15892072086808304
B00NJS4S6C,0.4397887813913653
B01BLYNWVM,0.18733791117519785
B00FQ23AUE,0.5177864627196304
B0002YRLHE,0.18443852414756967
B000M56BS8,0.5306784508592666
B004UC7CMS,0.4649906816425576
B00018XFFI,0.3587567067639818
B00FJYTGBG,0.08573901723839758
B00099XMX4,0.45822292737128434
B00EOWBREI,0.16728606625787246
B00061ETX2,0.36496975471168613
B00GW3KSPQ,0.23885218568614308
B00099XOVO,0.1154650428087679
B000W7PUL0,0.19473654313616642
B000E130DY,0.34904738939764135
B01H6IQING,0.2856192322934995
B0014EQI4I,0.3256580679978341
B0014EW4N2,0.42804222266044434
B004SRFYMK,0.26215921419068255
B003DNL9PQ,0.18058619738233206
B0000CFMU7,0.2328917057467777
B0033HGLTG,0.18249533527941084
B019VHR8CA,0.5285327885426037
B000W5BS9K,0.020592989678893434
B006OD5ISG,0.3024674724625501
B005ZBZLT4,0.47965842678888365
B0094IN7UE,0.07246666547690755
B000LKU16C,0.42248447600566474
B0000GL6RK,0.3397235641457842
B00NMJ05W4,0.4627045515851014
B004SRH2B6,0.3247672790110185
B000VK88IA,0.18152553529654583
B00I3HZN0E,0.12917587863281066
B004AVEW8G,0.4878889592114817
B00286BJ90,0.05065599771935711
B000ED9LIU,0.28465702999043896
B00014FT06,0.3066708305832504
B004Z306D4,0.5265504172178235
B001GE8N4Y,0.29653673863952956
B000DZFMEQ,0.32373776819961225
B000CN7BMA,0.42966026165478527
B000OIT8T2,0.48597824337841994
B002EAPHKM,0.4072262198806263
B00NGJDN6U,0.39409054864109666
B00503DOY6,0.5117453659143532
B0067DCK52,0.506806307110331
B00061EOVO,0.3252653543979601
B000EML7DS,0.3300678109037749
B006WH61MQ,0.17824639813340898
B001GUOQ3K,0.39741011873880205
B00LAY3NTA,0.1853715431254227
B01ARX1FOE,0.14936466701252882
B000QXAUNS,0.3723716163606135
B0028C44Z0,0.021389130014891202
B007J82R8O,0.23164269503579876
B000NYSNVQ,0.27934808709018794
B001EO5U3I,0.11553624723573723
B0033HPPIO,0.4167288405198637
B006N3HYYS,0.028906524584672806
B00H4HKNA4,0.14567085975456115
B005MQKIXG,0.46556788060163184
B000EUF9CK,0.10597164288929478
B00I5OMFWO,0.5022281212198201
B001F6MHNG,0.12389992863498346
B000KJVIOI,0.12636422936252326
B0192RC15I,0.29349372445445654
B0001590IC,0.061596697056736885
B000YPKODY,0.23068932442723133
B000V7MCBC,0.29107031093520663
B004X71550,0.08419154729768169
B000E63LAQ,0.0668431348643164
B004U7QSYQ,0.20328015057432133
B00I01ZXYE,0.02457062497481967
B003ULDEU4,0.035502457012604426
B008P731LK,0.1246249384840889
B007OWVOQQ,0.31592470832238645
B000LWCR26,0.16924284572016898
B005HIVW34,0.3099877826514275
B00AVR63DA,0.3803673134719343
B004K69OMU,0.19287357794223556
B016YOCSIC,0.3217828563014701
B002L9TQ3A,0.20607765565437963
B00C1W77X8,0.029576703873011832
B001BO8S76,0.48870057080640916
B00TW72M94,0.38231947199175753
B00H473B1W,0.33893678664781474
B005ECLIUA,0.027573181106337
B00BXMHL38,0.3839815514580926
B000WJNX3A,0.41119371504758484
B00FL6PCF6,0.01945513259302138
B0001UXQ9Q,0.0462718603686932
B000CR1ELU,0.5036671584165355
B00DUTRNSA,0.4751876950338174
B01GOTHSFK,0.4776259002057745
B0010BZZ08,0.42558339243210974
B01FLKVRC8,0.10920496186663003
B006G7WD2O,0.26419671824524554
B00DRA8IFO,0.14904425561033563
B003P7ZO0G,0.08644923985982073
B0000DGF9V,0.1724643571844033
B000JEGQ9G,0.24110300712260735
B00LH6ZAN8,0.20792952147356397
B015P1HPDS,0.2652159585520627
B0013ME96A,0.21187493931334422
B0009F3PJE,0.0012073823303089086
B01GQ5WNC0,0.13411120559173045
B016V9W6QE,0.04033927100981729
B000G8399A,0.17710263966379292
B0014DPIPO,0.37511877414693956
B00URCF2B8,0.5101658871637583
B000QUZXHO,0.08645651259352745
B000MTRRIM,0.31361690082680854
B0039QXWPM,0.09475918307432239
B005P0WL1G,0.1022216387812374
B0052XRMJ2,0.27581662874176216
B003DU924E,0.1272799486496177
B000CQG87Q,0.4370673329015183
B0012ZX18A,0.033749798436636363
B001EQ5ERI,0.4025188384382371
B004UIWBL4,0.4891326969959602
B0173U19VS,0.3726090114125068
B008TSVXWE,0.2332628205083384
B00934S312,0.05768365861502246
B00NB8T1J4,0.5057842346008288
B001PICX42,0.48038957329306253
B00KACQMK0,0.42397790290962234
B002GWFAEG,0.38856895432381255
B007TG65MU,0.397509142800778
B0014DZGUQ,0.5205645628515428
B003ZXCA2U,0.21547603983513758
B007TGH4CK,0.1882405551658961
B000F5429A,0.09806669406056666
B00013MY78,0.42304976196267063
B00I6R0KLS,0.3304684457681862
B00EYFKKZC,0.15052436868458233
B0065JA1IQ,0.2981470982278487
B00FB4UPA0,0.4999973625233374
B003FXWSQ8,0.12246912127679613
B00ASSEMM6,0.20145890546745965
B000VK61KM,0.43713808002033644
B00AYIQH1E,0.4775376545452557
B0001M11HI,0.18538208922610455
B005K4Q37U,0.2518036770974512
B00555H0LC,0.14875548389141424
B003ZIR8YU,0.10430981298826618
B00LM8XFY2,0.24801931960251378
B000QYGCYI,0.40910198243029683
B000EM6PS0,0.046894150797521704
B001FVLLK6,0.3759821249311936
B015WWQAKY,0.27957559763333717
B017WOLVQ8,0.4425623044918371
B000KNB0OW,0.3919570641245871
B003WO0I6C,0.09581736269724686
B001L048WO,0.021373517706547336
B001F30ORK,0.045100082196544565
B01FKAZMWA,0.3095124284866068
B002Z08ROO,0.04903845753280447
B000E4ALEW,0.2230132519048946
B0017JVH5A,0.37179801872373375
B00P6VUY86,0.3178639437215219
B00NGT4M7Y,0.055990242312094735
B0002YRJ58,0.17883278952571902
B000R7YVF6,0.2854969808475779
B002MO765O,0.41220333136691906
B000GFYRHG,0.041471070633108884
B005XB67F8,0.5011898022269601
B000ELQNRE,0.09886204426728697
B0045Z4JAI,0.21821139623492378
B000FKMNSM,0.4722683519962817
B00BSZBEAG,0.12348772667162038
B008YFWH3G,0.44692934845437177
B00MBVQ5GY,0.33824215076528596
B0010OQQ2Q,0.26588587006406306
B001EO60GY,0.20639851574457968
B0017U9VIO,0.09206053565860567
B00XSAJXVQ,0.4376656616096755
B0000DID5R,0.525825549812236
B001Z2TTMM,0.0483339611672504
B00012182G,0.4283612243412852
B003TIVBBC,0.3740287634628647
B004VLVO8G,0.2823319561372044
B0002QEDC8,0.5260118166898892
B008FW60DG,0.2103741728046616
B000LQTTVY,0.14366933081170594
B006Q3GLGM,0.14603755108245292
B007IAYX4E,0.13812951684542843
B001GVIS4M,0.3037807687389593
B01BCCYJHE,0.512831648742235
B002BWS1OM,0.5273568235872346
B003SWCYX8,0.38660256359688155
B0000DGFCO,0.16926268904736338
B00GNBHPAS,0.3692156713074542
B00E1EK81W,0.4276580118797676
B00B28Z9IC,0.4757144804533551
B000EUD6AM,0.21909019470327123
B000P6MSOU,0.03504401727189774
B000ZGW714,0.429053747319974
B00M31BORM,0.35542988853637253
B00U6UFR98,0.4014055916831274
B00FCJXSNK,0.5169739467809715
B004MPA8P6,0.41350093508830754
B005VOOOR0,0.21830042131486055
B01CD83O5E,0.08413376363634388
B003AYEHIO,0.019526919801913813
B001E6K6B2,0.5267367613492719
B002DVNM7W,0.35468694055747585
B01G2YLSPI,0.28082716172009975
B0013Z40U2,0.06327182423096846
B001QCUKII,0.0970318563925938
B0055CRH1S,0.09864409224973109
B0051OEEIE,0.40219296474998223
B003LPKEPC,0.4288669522797393
B002RBTVC8,0.2877218006543261
B00KSF4M0G,0.18576621442174088
B00H3QRW6E,0.5141913467175667
B007PM9YM6,0.11904398697258899
B000LRH6DQ,0.29299964902063674
B01BLAW370,0.3976412059763385
B000KSPX7C,0.3638597228466174
B00028MO04,0.1260987053868672
B000MHHDVK,0.36463219425335375
B0009P68KM,0.39215004999777514
B000EVQWKC,0.389964795767744
B000EIZ8FA,0.3876629907475079
B00FRFRZF6,0.44991382308236216
B00VZB1IJU,0.3713701802871766
B00ID9VSQ0,0.27349088228484636
B00CXAEDH6,0.0805139050471466
B006HXS6IC,0.048732627387392216
B01A7N9KPK,0.2645006997528288
B0016BAB42,0.3337594115934395
B00FJ4MLMW,0.13327640992682357
B000NMCOYK,0.23446345259570914
B00H7M9LMW,0.516502674145305
B009C9BSGK,0.5103039081421025
B00OQMA4EU,0.37625609419966366
B011SUW67K,0.34877565758860596
B001EO6ESS,0.3961297025653767
B005HI55CS,0.11892372419269776
B005EL6VOY,0.08847739384547507
B007Z32ODQ,0.10639048037422592
B00HK4AN74,0.3909872512564006
B000E48IMO,0.32355208941288466
B01136INBW,0.11641763598794969
B000DZH19U,0.2193945573716514
B00KWR6G4A,0.40424846795544517
B00CFVDIKG,0.244766095624279
B003Q4TTU4,0.39822769726245855
B00Z4TT918,0.20385583089176115
B00HK59PEK,0.23974722595410788
B000HTJPRI,0.1118717127685843
B002483SRI,0.1253880135369051
B000JZEABG,0.5064902871746635
B01BWFDD78,0.06208828073843842
B0016AZGM0,0.051624987291904664
B00LS72AT8,0.17406128707111299
B00YVDP6LU,0.11344366008411587
B0096RP8IC,0.04578448429994324
B0010O8PRA,0.26706101416717787
B0032AM8JG,0.36053042152506504
B00PMUNEHO,0.39857614037432937
B0076YVPWU,0.14328959955952347
B00W4AY9BA,0.3981213311719594
B001B2TZ1Q,0.38508793732229946
B00KWIJMWC,0.4779959259754373
B00BSD9C5M,0.05144650491194748
B006G7Z5WE,0.5202005689612598
B005TBURAI,0.2982475292380103
B000NIP126,0.2345004777764533
B003ULFXWQ,0.2192051253680833
B00EO59U7G,0.26856263101692046
B007IK5QZO,0.44005541693243055
B004I05VDY,0.31512423060809325
B0007KNXAC,0.4412191458436336
B0011XKHY4,0.15426288635814162
B00L8HPX6A,0.09872541012033409
B0012OTHB6,0.5250080793755734
B009G4GSNO,0.12213829451421479
B00O2BFGQQ,0.22857975809539616
B0096RWIPS,0.03352272295824365
B00EOZ59BM,0.38675997112761423
B001M1V5P0,0.2140804587337835
B00FNIZQ6W,0.2430994160245799
B004VITI0K,0.4144200652951334
B0060J916Y,0.23659811031606542
B002NE48ZE,0.16199030528435918
B00K00H9I6,0.19782854555513885
B015P0U3JM,0.24885775052417833
B000RL2W0I,0.31622810579477717
B002HFRAF4,0.49724789158230764
B00474D0HK,0.40096037789607153
B00I08JQPY,0.5223426506031237
B001467JYO,0.40900569760153177
B00J2CAR6O,0.5062197091532145
B00Y9M2706,0.39986659371340116
B00119Q3EQ,0.49792641505151963
B004051BO0,0.09524776838026465
B001KTA03C,0.3789745878270456
B00017LF24,0.42279192580927843
B004N5FR06,0.24830320570357836
B00DB1Q7W0,0.5331347495003304
B000UUWECC,0.1591126653387113
B00AF7XMYY,0.3885094667279948
B009HHNUUE,0.04251744249550667
B002C0E5VG,0.04161240450483572
B00MUZ15HU,0.04382057350748317
B00RC2B3CS,0.47157145388359245
B001Z2O0T4,0.44110188156382596
B001D3PXSC,0.35222757584579945
B00750E0X6,0.16015087873051345
B0000WKU8K,0.17858693667997108
B0001M12SG,0.3535732884958477
B000VK3TNO,0.41635482397516993
B00US7LXUQ,0.5300661936506116
B00NUW6GHG,0.14619877096805034
B00JGD3YUU,0.1136075215804673
B00PLTLG4O,0.43697898708419686
B00124VRPU,0.16892382940324735
B00ZDO82VM,0.46030503035197984
B01EWBTZOO,0.12838416129550304
B00H32IATQ,0.528660825212442
B001F0RJA8,0.36403652166405803
B00WN4GHVC,0.2470223032186135
B000LQJJXM,0.23995378664223774
B0031EN34C,0.31880612405497305
B00R06N59K,0.3889815542228287
B003KLK9F2,0.11426958213482548
B00GOBLEF4,0.18269006135355734
B000HDJXH6,0.39984759288154176
B001HTE5GS,0.3868900302418824
B00K7RH4SC,0.2855142949644825
B001GM60J6,0.342579772757965
B000KA9I6W,0.486825325860333
B003VULXAW,0.5202208696220278
B000E46GG4,0.5214360461304928
B0001BH5YM,0.07325904862597253
B00099XOQO,0.41734017002673035
B00GZJMR9W,0.14611960508179747
B00IX73PEA,0.44653764347024666
B00EOH84GW,0.3372867518496925
B0084I207Q,0.13387604759447178
B00VZB1EHQ,0.45240961867762053
B000E123IC,0.06875586630180978
B005CUK20Q,0.2229839533653778
B00E3B30WW,0.17885905473606306
B000O9WEY2,0.5027698039184603
B00028Q45A,0.1951564308735951
B00014HS2S,0.029917452713719723
B00CDXRWN0,0.01855671751774169
B00170LPPQ,0.33038470102604206
B005LURCNW,0.4583274919761587
B000CQIDHE,0.13407848797788816
B00FYNJAL8,0.27665131091480283
B0063HMIRW,0.023579970875797412
B0001M0Z8O,0.20408729874354925
B00015UC4S,0.4983614927918996
B00BLTKUJ0,0.2514215507529026
B01FKV4CBG,0.3043713981928249
B001FA1K2G,0.46480341491570315
B001E95KLK,0.49641029684280535
B003Q4TVK2,0.3279203295858117
B00ADYXY7E,0.4269029647625054
B000GAWH4G,0.06956636246608124
B00I7FCIJ6,0.4671128502375173
B00LMMLRG6,0.11234633327926495
B002HQLY7S,0.45220048958125714
B00PEQZXSY,0.4850679337645926
B0002EVTEK,0.14114957889515373
B0120S5RZC,0.41720841352157934
B001EQ4SHK,0.3712462341366591
B004M8TKA2,0.3003869812434179
B002PA1AVG,0.20589076112249238
B005SWLWN4,0.2086393689679956
B01965DYYS,0.47292765823864774
B001EPQNCO,0.5068240002671621
B000HBMBYU,0.13022788836008678
B0000VLU0I,0.21207683115910295
B009324C0U,0.5212182774207849
B001GVIT6E,0.5184335955067162
B00U9VV4JG,0.4637880669486622
B00U3ODTOM,0.09060528691301317
B00N9TYGVS,0.3232283469915676
B001D4XM48,0.12067804029986053
B0033GMSTY,0.4946292398525071
B00FN6EC6Y,0.34564791910540676
B0014GNS94,0.45464044219008265
B0001CXRLG,0.15988658441696246
B000XR5MLW,0.36216289651109307
B0014EOUWU,0.16935876486738496
B004AMI448,0.04117119285628093
B002RTK5L6,0.25020369089526523
B008P2FSKC,0.28366531960345104
B0093J41PE,0.27757373268138635
B00EZWTZE6,0.36689293677337564
B00UB4Q9RS,0.4288656190496936
B003XUJ564,0.48935045892924595
B000HVX6NK,0.34336782255513165
B001CHFUDC,0.3039318013690886
B00KSJV89K,0.49282983503236377
B000CEO6WM,0.3955047778841051
B001UUEWIA,0.501702006583454
B0097TYQQ4,0.16115770729126006
B017TG1VQY,0.31613489083569973
B00QJ9BDPW,0.3139248945165176
B006ZMYLKC,0.020699287255932803
B00159NR3M,0.5285166676820007
B00J9IUCHA,0.26776109298354817
B002C4U0MU,0.28138416778776987
B000YQSHW8,0.05638644662534116
B0005ZVGLW,0.3916380296289544
B000MIFS4S,0.3086861342223085
B006XEGXCG,0.06576621615729004
B001P76XH6,0.031572246331536255
B00XK4JLGW,0.2746103276884055
B0017L4PH0,0.3510292070343245
B000Z8ZN4U,0.5049517826278583
B001E50XBQ,0.44253966151719765
B0016MN9G8,0.29965984062887696
B005HGOIQ4,0.36727066068558123
B00ICHOIGK,0.34094176044366614
B0009F3SAU,0.23906548495306326
B000EDK5LM,0.502853971948515
B013ZZ5Q50,0.1329926256114597
B00XYCOAJI,0.21740001190951072
B0027CNY7U,0.02376773509507374
B004EDBVCU,0.23969070142009866
B004VNTTKY,0.3339984961099174
B0099XPG94,0.23105617386150926
B00AQFGL4S,0.28255252614434756
B01CQ0CFTK,0.5087486194709171
B000LKTB90,0.49674754169558205
B018RVKWAG,0.5280459247717847
B001E6GFR6,0.26497935673986783
B00EZTIGNA,0.18531250267487398
B00I7FD1JW,0.16376366781322144
B00BK80U60,0.40439964273605117
B0014EQHK8,0.05476891645092258
B0096MPAWQ,0.4431598232017911
B000EVOSGW,0.504427143450473
B00099XNG0,0.059101270829982275
B001E5E06U,0.18682569544091732
B004KAT9HQ,0.09740608847525144
B0014M1VR4,0.06266219436098264
B000WW2M8Y,0.20093329830859138
B00HNDCBA4,0.49843047438828675
B00V523IWO,0.21655009055342878
B00F9XUD46,0.039199467914953545
B005WXMPMQ,0.45766390685130776
B004VJRENC,0.07301358592324562
B009E94ONM,0.03191536012237128
B00TUGZHAS,0.3260995040346376
B00315HJ8C,0.05026456801639631
B006N3I5DM,0.09945076618719809
B0004MTM9O,0.44990112328047854
B0004N0IBO,0.19545695263085028
B00BCG0OAC,0.18906461295615404
B00Q0632P8,0.08071762068181887
B005258A0K,0.1385169789340448
B00SRT0T5M,0.0887986777401011
B005M4G4BI,0.035548208870802206
B001HTG4NA,0.2989337192863089
B0014ZACOE,0.3993004462671731
B000ILILM0,0.3934261344049275
B001SAX22O,0.21731509168983612
B00SUE81HC,0.10505190137605046
B00269UWFG,0.5233228848094265
B0001CXUN6,0.07962831865431447
B000FUYCJ0,0.11008652171505871
B003OB4BOS,0.4401435556257396
B007CKKOXE,0.1324930208833644
B000LQNK6E,0.20991513307600734
B01HCV88MQ,0.16066340514104213
B00JMGJG8A,0.4271973939604524
B007HN5KNA,0.27826420358280757
B0037AWVNO,0.23395429325945252
B004KQHFXA,0.08513782583617528
B00ISMX1YY,0.04038986763183418
B014X2D8DQ,0.3776329045370576
B00L4JURMM,0.2014993259100446
B0081KL4J2,0.21276092074751712
B000MUK2Q0,0.2969439074158019
B0005XP7EG,0.4986113176429699
B00E0KWHH0,0.36722364889321313
B000ED9L6C,0.08348922225150027
B000COIT8O,0.329447073022584
B000FKIYMG,0.3722427418362919
B00016LA8Y,0.09079506918614044
B015SQAWLW,0.396699813745905
B00NYSX0CA,0.41088940096418836
B00MVHQDP6,0.37386927418057236
B00M5559L8,0.10148232627170668
B00GFRO47C,0.523595936607695
B008X6KE0E,0.03468623958298815
B0061TXUNS,0.32499764675758425
B00GO6GUIU,0.342836989796249
B000SAFNPE,0.17115419244251834
B000NBWO1E,0.352229660145129
B016SIPJ76,0.2581877293089806
B003VCULUS,0.3167444806079822
B000E63LQU,0.22580122277925413
B005FKRTO0,0.039169905880864456
B00H5DTAXS,0.1252033975376268
B000KK66VC,0.16456735155806393
B000KRL002,0.24398058366719197
B00Q541B0I,0.00236702067866743
B001T5GHUM,0.12934783157346808
B01965DY48,0.25607906954666104
B000GJQ5C2,0.180528977495348
B007PA33KM,0.07461769846776808
B00EP5XKQM,0.2656056037635389
B00KGOJFK6,0.34822443276788473
B010KNUTPM,0.3816338360382313
B00E2181U4,0.38645605801289784
B005IW4WEA,0.1540704303970711
B000CIXMKA,0.33240916605504217
B01E1TQTQO,0.5087167962235063
B004M1R4LG,0.336167264767909
B00BXF5LAU,0.34024692128100986
B00HTWLZA6,0.14282065516257061
B002E0S506,0.512762044872858
B00BKL52YC,0.12418627566462316
B000JMAVYO,0.17413357275636848
B001NN531Y,0.17102304733341486
B002GWHCLK,0.16117767911233796
B00Q1UH0UG,0.21711795479012802
B004I209RK,0.13968232699834582
B003OB0HJ6,0.40347797708966676
B006ULABWU,0.08707881145643598
B000C2ROG4,0.11212179052859268
B01CRXFKSO,0.4628921999845554
B004LL9C9E,0.24216563691578258
B006GL6N9E,0.18162082873129243
B00KBZLY6S,0.09676999065214932
B00WHDQBN8,0.42525627870065963
B00NQLE5JC,0.49830411227960386
B0054TWQ36,0.12538320492795038
B00M3A8BFQ,0.39662490941669515
B00X6CKUZY,0.5021330116723272
B007HRPXZG,0.24080701708729577
B00SUE0FDA,0.3137838706739599
B00FDWLL6M,0.19075866165947172
B00K89HCTU,0.3728138258165182
B00Q1RT1N8,0.16569488009976774
B00Z1DBCHQ,0.12251655798746477
B010TSOACG,0.2729769304465129
B000E1BL5S,0.3693967113951799
B001LQXU8Q,0.04345611539548247
B00DUF219A,0.4612136494435202
B000M7S68E,0.12279955926999725
B00B737P8E,0.37077081895457076
B006MSEOJ2,0.12866934945712605
B009CSS4CC,0.34284057677893554
B015TNWQ5O,0.39280611698808204
B00DOO7AY8,0.21490362641831914
B00QEMUPI0,0.030312992577689817
B00F45QOJC,0.5033772183150538
B01FUY1W4I,0.433411142151906
B0000CDBPT,0.374245930007261
B0064Y4ZKM,0.45388977595299695
B010PBELYY,0.28549898979275484
B014TUTSZY,0.24709082563516416
B0005YVCIU,0.43949504411607954
B006Y7WJM0,0.2689956789336582
B00AEIR3HG,0.36156338000108557
B01BXCP3VE,0.06016385883707635
B00H69RSXU,0.18462684685366265
B00006BN4U,0.2686339295800411
B000Z45RL8,0.33257401347644844
B00XOOOUPU,0.1165457485969316
B004M0Y8T8,0.27897061672384965
B00024D8SA,0.4800560075045344
B0083TTBWS,0.13744094815957336
B000E5SGI4,0.3824176791530376
B0062JSYEW,0.405510922999545
B000YT5NFO,0.4242736277503036
B00ASD2F8O,0.025743925058016242
B00BJ7TKYU,0.27458940403834786
B0012SSWKE,0.23752008487577758
B005P0JOHU,0.08292212944149008
B004P7T7ZS,0.39065882342694946
B000E46GGO,0.3567519475322475
B000NO943C,0.12184466646398834
B001ELLB16,0.09883140238399384
B007P643GE,0.19209122774094387
B00507A02Q,0.38381238949561836
B006E9PPCE,0.3104263689558059
B00CA6RE8S,0.06511461215288533
B004CQYODW,0.02735281340994496
B00401OZ1U,0.4256922785097259
B0014E840Y,0.4027447732492119
B002MTSI2O,0.49394140407226017
B0001M10VA,0.46829276555515786
B001BM3LWA,0.29002841696274123
B01FKM79JW,0.2284699869754006
B00EIJ5MA2,0.08424358579835273
B000IW68YC,0.2340873890711599
B006H34CUS,0.5257312375277615
B000AF0A78,0.03783928774930711
B0143NF6TE,0.42564665094962173
B000G176EG,0.2306144090729417
B004I3Y4IE,0.28695535275060685
B01948LFD4,0.1242631606845119
B00EHSTTDU,0.47553877822213214
B0016BS29S,0.4334142477102452
B007BIUB62,0.08615273834900782
B006GCMI5Q,0.4407022616864793
B000YSVMQO,0.4491147136453381
B000FA8SH2,0.5326288141854202
B000WLHOQK,0.06534576690075612
B00PO9NHES,0.4850059016179739
B000F3N7AC,0.10705299143667989
B00JUB8N3G,0.40068336319382764
B007ZHLJLU,0.18214552763482555
B0002AUTVS,0.22154269566120902
B004538TME,0.4272981494986383
B005JD3YV0,0.4082498182423039
B017GD6LPG,0.4676167006879727
B007ZZSOH4,0.4384409985041651
B000ELWDR8,0.4067445135450347
B017N8SR38,0.18454721006700192
B00L2BZCYA,0.5309332181391512
B00A2A88ZW,0.5245889110492491
B01BMX6T44,0.14230813807725953
B006OCBANE,0.5144436147777598
B002RSRURY,0.22464308476202283
B001G2F5R4,0.40604176176827306
B000K9CDV0,0.20512519223166698
B0002YGSJQ,0.2060856209326989
B0001XXB3E,0.15478813790919438
B00NX2BYFW,0.45107844805814673
B000WJRBXS,0.19028801511376275
B0016AZH4M,0.3434925039742331
B00WFDMRDI,0.2319236207852194
B00CYK8DOE,0.2329645172828466
B002YLGA0W,0.08556375955738656
B0013JOKBC,0.20327252470694754
B000VJUIN4,0.05814052124232516
B004LL5O46,0.22401719445856302
B0101A2FFQ,0.33674544167711734
B00WT4WXTQ,0.08793992241283417
B01FG04BJY,0.22571747268403086
B00U3WWWO2,0.3908915184779216
B000WG7SZC,0.3549887666330421
B002IEZJJI,0.30066941325652413
B00EYFKM32,0.4198344871512344
B000EG6G9E,0.07492693699872376
B00522AFRE,0.38599179119157684
B001G8UC8K,0.2666460475468907
B00122AMS0,0.4528601230709086
B00JVVSLG4,0.18543105742611532
B00KRFL5SO,0.11884677063613386
B0044MNYIK,0.27343711388477976
B000NNCMG4,0.373034092617461
B004KZHC5W,0.37175468973887005
B00D7D1Y7U,0.3339667136677977
B0080SRA16,0.34768105708950636
B0016BS3BK,0.33236218418883967
B001E52ZQW,0.4588935465628845
B0016BWBHM,0.06391867233858377
B00NSBB5TS,0.043220294659957616
B00FC9UPVI,0.02213996924286598
B0029JRMX8,0.39466864539643576
B000AY9VCE,0.45082510424971733
B01A9D5B2Y,0.10180789453495777
B0000DIYWO,0.5160066860160019
B0105E0TEM,0.4787073972136593
B0011DHHRE,0.2775067388745735
B000SR5TJM,0.23178681143777163
B000BW5FMU,0.07918394636447397
B001L4JH5I,0.28302801992053606
B000E5GFQE,0.26684189938065556
B0019LTH3U,0.39863897164839784
B00FGQTO0A,0.16705013096854507
B008YJJOJW,0.30755456966119593
B000E1BLGC,0.04961184973242655
B00H727M6O,0.13923737470273329
B00NGYKMQY,0.24766318975603882
B01B0484WU,0.09107541810659882
B01CO58B36,0.5087038668545124
B000ESLJ6C,0.09832146088209752
B0002PHEDO,0.13066234602632826
B0106HIT18,0.5167521517855344
B01BTNSJ9A,0.5068218251077963
B000LKX4FW,0.5200538516736654
B00C3YAH5E,0.4978395488558764
B003RWVFEI,0.23870819480440966
B00EF2MHF0,0.2639224116934331
B005CJBKAI,0.28524074751573897
B001BB3LW6,0.0942996777092978
B000H1CO74,0.40370098214065864
B019AUVQOO,0.4988035586335949
B000YQ2FG2,0.31164824725469664
B00C3V9AB4,0.2034806212057685
B00GE1XKHY,0.038658791903195974
B016NRIHGC,0.15091706186802256
B00XWQ2EXU,0.2982245715302876
B004O8EGUO,0.4111380023353259
B0016K91VW,0.041490482511289964
B000EDM8FS,0.08792866067809552
B00UGB652A,0.26369663487420825
B0025UCIIA,0.022477842948185632
B00M9ZNZEM,0.5210369518044623
B0117QUV90,0.17661137669357838
B000V1JVC6,0.02771997598840011
B00SPJBT8U,0.034012184058299574
B0187VE2IY,0.18626668147230654
B000MHCDWO,0.19505131472280285
B000WY96Q8,0.08065328947090292
B002DHUCEM,0.33527146191589063
B00AJ4695M,0.12456451569237086
B01B6X23QI,0.0270154331352771
B001NJJOCW,0.08389125790151082
B0036QD9VC,0.3370620348021982
B00LWQ0I80,0.4699121570097474
B005H9289K,0.12893293250038207
B00HKIBEMS,0.514289115099032
B001688TI0,0.47863189139029266
B0015UX574,0.16363157581537832
B000CMFKNS,0.04834088749874972
B01ARKFXVS,0.39896573032792454
B004ZZRM48,0.5015463005468062
B019QUDBUA,0.4564603180240885
B004724V8Y,0.3418842629786606
B00168DOO4,0.37611819987396017
B000FZYMJK,0.2388158868595444
B00EZRM6ME,0.3961561630506178
B0074ESQB0,0.021502180840998884
B00QU781RG,0.5012302572846947
B001EPQO6E,0.31499288255130975
B0029XNTEU,0.14847680038110045
B0012W1TQE,0.22411841278944353
B00GCZBZBA,0.04039170546601684
B001SBA5SC,0.4303079961064257
B00KYHMWWS,0.317942661890066
B002HQMBYS,0.5029334457268286
B000JZ3576,0.43621110980553834
B003ZXCAAC,0.43043613198174574
B0014CXSFM,0.40155320546045975
B006N3HX6C,0.2190952051912228
B0014DYBKM,0.32436264424220285
B003KK42V0,0.21186450510513383
B001M0AL8I,0.15215463640964638
B0008IT4OM,0.2968237370846166
B00099E8OQ,0.48980699925589144
B001A7D0YU,0.2484717476527615
B00K6JEON4,0.05258591991585375
B00WBY0BVG,0.05003702062146874
B000FZRYPO,0.48626024501007614
B0042GWKYM,0.34438344778049274
B00Y0UWN1K,0.060092898815564025
B01BTNDHUQ,0.055248269150491816
B000FIBBWS,0.25464261115938286
B004LW8AH8,0.23224798219135703
B00BC3GZNK,0.5053753099097951
B00008CQRK,0.18180586980606742
B000LKTXIO,0.34337642593484446
B000EDG3UE,0.0851800654467545
B006MB7LMQ,0.43902068585522785
B005GXQ244,0.21608347316521137
B000MGWIH0,0.213128843686402
B007PA33MA,0.0568911974579394
B00024DB6O,0.5054376765793483
B00TSQSGU8,0.029959454913923454
B00OCV3QRW,0.2240835007345272
B00F2T3ES4,0.044860370576682504
B00LAQ4Z1I,0.4487024138754531
B009GX9TSG,0.07033017924728756
B0012S8VHS,0.09729726234523937
B00OQX5V2Y,0.21806815290447354
B009GDC3I4,0.2365945978723251
B000CQC08C,0.46669553921393675
B000LQL9M6,0.054453273663685825
B01DMCMO7O,0.4001941037632999
B003B6VI60,0.0295950423572695
B000WR22CA,0.44143984593190616
B000J0N1CK,0.16046839733126866
B018KRPLH6,0.4139740293335676
B00K2RY4FI,0.07875356983074333
B00ICJ66N6,0.2625174471895657
B01CM4JEKI,0.45211063383901307
B00D1W34IO,0.5311958030591093
B00443W2W8,0.20523411071033348
B001PEZLCM,0.23171146147123772
B00NE4AR2A,0.06502543247644249
B000ET4SM8,0.3617464998649285
B00024WN2W,0.4684838315079899
B00778CA6K,0.020940610336601363
B000QXGB7C,0.32112700561082863
B00WKXSJJO,0.360382585604659
B001EO5RW2,0.11099804753282237
B007PY8MCW,0.3831575596274021
B00RKZSQLI,0.47284885758716383
B000Q6XR2G,0.4758181244719299
B00ZSPN2A2,0.4379312721436609
B005MZIRS0,0.21972862424448728
B013SJNIH6,0.11943528882141213
B00EHQEI6U,0.16464080830334268
B005KEYYGW,0.04535796778324504
B00C25LNWA,0.051570701276887204
B00B42NQC2,0.4300055496672843
B01CI57V2O,0.3898726074775043
B0026LJRX2,0.4953730802855919
B0014C5OB8,0.17461539507810828
B005HGNJW8,0.49993737652244546
B015WU3X5Q,0.04072144877428771
B00SYNW9QI,0.14115958964898337
B01DS73UM6,0.2751751104415475
B00IKSGI28,0.32823599220824295
B00286KM8E,0.32407928802785263
B00281PIBA,0.12101331386906727
B0051WBQ00,0.31435929575547056
B0026W9TBQ,0.3302034617842337
B00164X7JA,0.24380385348868486
B001CZHAPU,0.49777209704767367
B000FFIEL2,0.44022682695925863
B00QZBANPK,0.25037974040655164
B0000EYP2U,0.395700452164913
B004CHACSM,0.1353187794722332
B005P0WOZE,0.2939788746153037
B00XYV4ID2,0.3369258876020871
B00HSXT8B4,0.3466773301548321
B00BNTZYL2,0.1765110777927007
B00VFYPG1S,0.2922358765382822
B0066FET1Y,0.10425719620836689
B01BAZJOQE,0.1705122862008341
B00146IAG0,0.30243513615688983
B005IH0GO0,0.19511418277302794
B000EI2LLO,0.19162633101339613
B00AH2P61E,0.02075308021356531
B00YBC1MJ6,0.271000752369043
B000CD58QQ,0.1869772687732935
B00AR6Q5JC,0.11021427503171284
B014ABUQVC,0.32045350642741327
B0051JL6OY,0.10089807984451006
B01AK44MOK,0.4976304871828804
B002R81L92,0.42153366519588514
B002EM2JWE,0.42811123590456795
B001M1JDMM,0.29834196705858723
B00FFJ2GRG,0.022268438471963845
B0002YB40O,0.3706779052714594
B000SARHVM,0.04646259003399133
B016J3N0TY,0.25038064813536265
B00DLMVHQ0,0.5138338841538044
B002TY41QO,0.0975799674118313
B0123QWXO4,0.0829307975640349
B00FW9Y1CW,0.10185528144551086
B00ES3V8OC,0.5167825814434233
B001KUVTM2,0.40849824759594744
B000FDOSN2,0.4039265383357696
B000F4D5GC,0.11537106611243547
B000H11C6I,0.4575935810837098
B001CCU8F2,0.21833291667144555
B00QQQQHQS,0.4811376795070368
B00CCQWK6C,0.2793424547454997
B001GVIRYS,0.01514825074980483
B000ILEMAU,0.4935619590859626
B004CMAQGK,0.39351286785515605
B001D0676C,0.46866961027661963
B0016COPU2,0.22399931200488704
B0001WOLMU,0.2105811361873854
B000TMQJZY,0.4952598495538469
B001EYUE4S,0.2574800613548401
B00239K3LW,0.12589302697977112
B00IKMSIYU,0.21260408255093002
B012XN768A,0.07779310480650681
B000E1BM7A,0.5224363605257136
B00XK4JLJY,0.27995709299445626
B00I9SHWCE,0.08250130912560959
B001EPQTD2,0.17673742284745747
B00CB4PKIA,0.13854691970837896
B0099XI58S,0.4794717309018153
B008GZV44W,0.15390148891634337
B00GEG4276,0.09684830260050557
B000X5GRGS,0.2581838219029018
B00IO2ZXBC,0.34705533224782864
B01GVWN8OU,0.2676158545226604
B00250M2ZY,0.12518938489683826
B000ED7M3Q,0.4160438365070635
B019G5H02A,0.4326927494912617
B0005ZXPY8,0.3657478240150955
B001YJBLMM,0.38173006994831277
B00032K7Y4,0.447964100938354
B005JXHLBY,0.3963354767622912
B00GRY2Z5Q,0.44210655382630143
B00NAMDECG,0.16870054015044608
B0068ZXH06,0.14547663844452946
B006P5Q6A2,0.4493463435113647
B008YUL4KI,0.39447992445700053
B004SOMH3M,0.3838885727066475
B000FK8HJQ,0.47507199018763285
B001ELJK3M,0.09201730426681123
B000VDYPTI,0.13281398672424025
B00M08ZKNC,0.07661384497434647
B01FY2PP12,0.20912580575276865
B000LQNCEE,0.08669619169966823
B0046GZQ76,0.18976870777331847
B00GNU6MFI,0.4207313926105337
B00712N6II,0.19146950146620187
B000YOQOAC,0.10100698387357718
B0015QSYKG,0.12303582626165459
B0000DG86X,0.2672668127101513
B00IBNZAEE,0.5130508225242361
B012H5WXFK,0.06515888018068373
B000E46GSW,0.4829801256980032
B000GFYRI0,0.002471670397939874
B000G82L62,0.15574944284852638
B001EO5Y20,0.03268660654331093
B002VLZ81M,0.25397670595531757
B000I6JPQQ,0.1020451516789886
B003IMMQZE,0.24177531671383448
B015X6ETYS,0.09496127359544282
B000B8PZAG,0.26476137238082564
B00GDJYK3K,0.5309422112230536
B00P8WRN50,0.3756393009446229
B00KVHIH0W,0.4893742550047155
B000MIAOYC,0.3516483714249449
B004CGZGH0,0.4959386166185671
B006RNQ7YW,0.532087616773226
B001ACTYTU,0.33926735499794464
B00ELPSOXU,0.42493658761001424
B01F0FC99O,0.4179921085967643
B0017U08M2,0.5104370069312949
B001E5E08S,0.09476719534373486
B00R65SD4C,0.2548060060750387
B0000DIYVM,0.02670584813868231
B011FEEBTU,0.0924846888612076
B00F6ARC1E,0.5068099096410974
B01H298206,0.16311840332913266
B003L1AP14,0.06350703962572042
B0000VLH8S,0.06453842575081925
B00029KOVO,0.18201913538044134
B00D4LLQCS,0.08269355782408852
B00J8M8FDA,0.3715548710044519
B000M2PSDU,0.31687792426536165
B00IK8U8HO,0.199630280090396
B000VXP89O,0.27427595774312363
B0007GHHSU,0.11833497714828348
B01A2L9PHU,0.3352483888582781
B00HUREPG6,0.44888900628327244
B001J9QBU4,0.020446115904569875
B004AFODLI,0.45492915027532205
B00KY9SZ1S,0.2913189690377849
B00NKQ2BNK,0.23769477260296967
B000VSDA3A,0.07904770610587018
B002AR14WO,0.41084024525086005
B00KMPYAEK,0.39302604143768555
B000MGR302,0.40848544654517177
B00INC2UPK,0.07799318746668812
B00CADA41K,0.48686020238513966
B001OHX1HM,0.3811263663330866
B0084I208A,0.4989831911269474
B00CXV8TTI,0.4158772512840774
B001CWV4PA,0.15353779758922298
B010QN2ASA,0.35111847165783866
B015NBLPLS,0.03606115317683806
B00FZ18PPG,0.27554942971129515
B006045ONI,0.24694074456163448
B0078DP5XE,0.07665945262416377
B00ATJUJ9Y,0.16313831669117657
B006DI8DIE,0.060912514649522326
B002C56OBU,0.37943601487031137
B0050ILOZW,0.4483978232292065
B000HQRKYQ,0.16921432440514902
B0004N0T86,0.20210479707926363
B0000CH39R,0.5020048923413939
B01476P46M,0.45007127234420474
B00PV532E0,0.18071032215781369
B00TYHOYCA,0.30322306084726863
B000EVG8H4,0.41333258729027833
B00XPITV90,0.3081102945090333
B00DC5ZKQE,0.44912568258542745
B00B99OHZK,0.3664060143443559
B0068V4BZU,0.16604810286298585
B001K2KR46,0.17339627398392046
B001E95KOC,0.21544851225091566
B0019FOZC4,0.5134068901894914
B01G5NKKS2,0.18097756545565305
B0016B4080,0.31120348344857957
B004KARTKU,0.13582565840085137
B00KANBHHW,0.10277809846004693
B00C685EUK,0.2756055600212139
B0012ONFRS,0.38221550999864573
B0002YB210,0.29596454004306494
B001RQOY94,0.48999399176157354
B00DIGVDV8,0.2028235959369935
B001U91OS2,0.48817089041569667
B000ES5GMK,0.32089774804777765
B00AVIVWMQ,0.06378568812295059
B014X2CQ48,0.051961476442022106
B0000DKQ59,0.1926464239275941
B00MXDM3IO,0.23871733937264322
B01GOO6HRK,0.19209640849374818
B00CC0VSR0,0.3620885192594826
B01CX3Y3EA,0.05114918087702586
B01D1Z88MW,0.019485818522907736
B0094IXKME,0.4688517134043625
B00N0X0TF0,0.3783182486823706
B01AO38MKW,0.13342889048515305
B010TYDFEE,0.20051470337507876
B000RYCK2U,0.24578049673438415
B00HS01I1A,0.4327523905288532
B004770OLM,0.2303665788773066
B00K73KBZY,0.034887948382461294
B0014EOVDS,0.2539853518569477
B00PBAX7VS,0.043854948186857604
B000QFOXTS,0.47193831813010234
B00PUSOCTW,0.3725480703020601
B0098IMTIG,0.479895110283272
B00ECGY8FQ,0.07298800983203545
B00119PYMS,0.3233536390590951
B01C7PHVRK,0.4823451274415806
B001VF09VS,0.255996912049069
B000FK63U6,0.18923601348825864
B00ZCQK0MU,0.18460661025008182
B000FA7Q2A,0.38656960450512434
B00KPJ7RB6,0.03698660534705365
B001PEZLCW,0.19421408959841954
B001A00ZU4,0.23829028494537915
B00XABKAJM,0.5228800179951941
B00JCZWDNG,0.10810222704022313
B001LQWO8I,0.1668235963047184
B000PILF24,0.30549634153058225
B0002AUTW2,0.5163582975132942
B01FNVGZLI,0.4755541385527657
B000FCYGBW,0.5242469341204145
B011LWRBES,0.14558826705293987
B01ECY8I1W,0.18151291204153774
B000GB0TMW,0.2736778960179229
B0015H1D4E,0.3635543893959584
B001GCVLVS,0.10012196019785966
B001G604YY,0.5054984957797628
B001D0GVAO,0.2750350011691626
B01F9CNJ56,0.3582776184238488
B00JKRE5T6,0.16682016745589873
B00BB0QFIY,0.49219489215694817
B00746WGV4,0.060919562281108425
B001EQ5HQG,0.26928201823280223
B00K2CXK9O,0.4917300129423974
B008FVVDIO,0.09089702102624349
B00IZDIMCM,0.09727573255169598
B00511MJLQ,0.5036614908376285
B000CQE3NM,0.02284088273765008
B000KOUKK6,0.23599051017937295
B001ET709A,0.06199333220233534
B00HUVHL86,0.25338448777690975
B00HQM6TSM,0.4141519995489354
B00BPX7BY4,0.26080614952074127
B00LICZ4DC,0.3307366713403781
B00O41OKEI,0.026776068658146794
B001ET5XXK,0.4134413989091318
B006C1GWXK,0.5118423467112635
B0189JVAD4,0.38656785831969204
B001PM0KRU,0.01893587113885999
B014JE1SP8,0.07848517953094063
B00US645GQ,0.02330526046432194
B00TZ5UV28,0.2981551994102931
B00FKBUSW4,0.23574514544108813
B00B93M30M,0.47840228747950264
B008FVVPOG,0.36394901466555546
B0009PCP7C,0.5297896445649576
B0163JJMVO,0.37003605925828414
B00TSSDLAQ,0.26546082352107125
B0017WG1J4,0.11312557621537409
B004KUV136,0.09015408712571932
B01B5EF0OK,0.4671284609064701
B0014E847C,0.1698272576419393
B00CXZKD16,0.44133841331923745
B0014EQHG2,0.45784837445055054
B000Y8Y5F4,0.4667812099180253
B00029JDDE,0.3762715364696926
B0050NTYXG,0.2221663203013433
B005VRNO3M,0.3991204470156243
B000BVQ7X2,0.24297878331219278
B005YYFHCS,0.2836556713120984
B00JH5PYMS,0.3372029137641201
B0054TWQ3Q,0.2065575909483152
B001E5E3JY,0.30901968004475694
B000QVDJ10,0.4866351437833467
B000XIZLUS,0.4436848444759776
B0015D8MVU,0.1839495829026963
B000YPKPE2,0.1597261130807069
B0012XH7VO,0.04890847580422559
B000FPVIEM,0.018773304201318754
B00VFYPK82,0.08515484473619153
B000EQVAFY,0.11026955748351681
B002EITVVA,0.14740261627939166
B00CMGRNAK,0.14420562325041966
B007JEL6FI,0.32511401388737776
B00K2RYBMO,0.3205520890636701
B01GIUA4P6,0.2407916234310908
B001197UIO,0.3159991578252045
B002H0627G,0.24211096559154796
B001MK8FHC,0.3345677806336438
B00J57O14A,0.26024951979005845
B00BI48PRW,0.4283494861123034
B000V7AUW0,0.11185589215096735
B000UV70FW,0.18716027108078478
B001CFMGGI,0.2813065087256775
B00EKLU0GO,0.3170443673466061
B00N1C5BBW,0.3586064768529515
B000VNNSEG,0.044115784304909686
B0015NRJVO,0.5196632841741782
B0090PQNG6,0.21573085282555704
B0078DU1CY,0.19272596072833909
B007D7OUE0,0.006218045975603601
B00028PVHW,0.44794692188319324
B00R0O9U7S,0.3133192112952364
B00005344V,0.440425494311021
B005G2FC50,0.05172966268972748
B00CFV999U,0.17702416123973896
B00VVMTM14,0.25681281807802314
B00KI0TJO0,0.3156125209960975
B007FS8AL6,0.5129658493716257
B01AMT1IY0,0.034512772207253
B001CDOBCM,0.3849667900788041
B00FPSTKEO,0.05688018716414879
B00KROYN1Q,0.2620877719013455
B00PYM8VLE,0.1291392572782958
B01C9BKRPU,0.4746248936397371
B003SO9QZA,0.18180462369387806
B004ENHZVQ,0.23531798602388493
B00K57PEMM,0.2723055493340476
B00QMTSALO,0.31378340797045345
B00AV5JCXA,0.4497883405096381
B00BWV22ES,0.06336146241759956
B00IJGLAME,0.45036354217555696
B00FO2BZVW,0.1965169326920349
B000ILK9PM,0.36783670983459443
B004NRHAZO,0.2684245535050567
B005DVUU06,0.24251124933166554
B00370957E,0.09812129011451338
B000TGX6M4,0.24038182499807018
B0000EWY28,0.33579643834200634
B00WQ8TNFM,0.20980705572228459
B014S592V0,0.21564209808352655
B000EDM6KU,0.18040308510985317
B0013M5EM8,0.05690621407986994
B0095SP7KQ,0.45260990619643116
B007WI10A2,0.3427513116103041
B003ZPFOCQ,0.27079743433631887
B000FIXT2I,0.18214840339512234
B000H241DS,0.3787478271944479
B008GZUXV2,0.3060013153378803
B00CLKZGZQ,0.37870150737564007
B000NIHZMU,0.37018046203098165
B000F99D2M,0.5309471609756359
B004M3IXZU,0.14592443577472378
B000FL521G,0.42361445327802605
B0001GUQ20,0.13093052931170418
B00124VPLQ,0.44027385064661995
B00DLN2RGS,0.34118652751207224
B00CLUWME4,0.27399666743619416
B000ED4G6M,0.4991139413982077
B00BW0FRWI,0.5262466767434816
B00I7FJ0OM,0.016925557155584938
B00631TI2Q,0.4672133903576747
B004JRXZKM,0.3287323116300152
B0025ULK66,0.10161419123851406
B000WL39BE,0.3675460300765555
B0027YZBJC,0.43759685714136853
B000KOWZ5O,0.49446029230464783
B000FZVLFS,0.41401765450207473
B00IQZTOSK,0.0993976720260905
B000E7SYLG,0.4163787539321915
B0061JWQOW,0.15182741706106384
B00VV24WUA,0.041666214194978915
B004CMDUMC,0.03952371472040948
B00HNWIM44,0.3563937102237985
B001TNXSZG,0.07731389486427394
B00BMYXFFK,0.30809874675626153
B005SSM64W,0.13306922381883785
B017BR91GI,0.4982299120386591
B0012272QK,0.2294932643063215
B011B45FZS,0.3973751518436045
B0013K7IBU,0.3479180302845908
B016G4JPZE,0.04859303853228042
B0029TJTLG,0.5196486654286971
B00474OQWI,0.4867520622519751
B000S6CCJ8,0.4311241130583886
B0019ZHU2Q,0.21499921455170093
B00BXR3WLS,0.5097719703913732
B01E60RDQI,0.3694144370488894
B00OOX74S0,0.471935353519597
B00ZK8YIXW,0.07492769297194532
B01ED44C1Q,0.1653581696151798
B00016LA98,0.3902697780994225
B00016LAFM,0.46317556185061703
B00014DM9Q,0.09275309244365726
B01E7AI6LI,0.355801165799827
B00OBVKRQG,0.09362501984657724
B00CA5S4K6,0.14809393262751508
B015DESYSM,0.4416248413213063
B00QXJKSAY,0.34342267046316005
B014CGRGFE,0.1345990714115112
B008VQ5A0K,0.06433514466826679
B000VVWUMY,0.43070950239792355
B010J6X46Q,0.1886134093135242
B00DUMDNTU,0.4928080792013559
B000XVHMY8,0.29792107055245454
B0013Z1R1W,0.12386344891151863
B018UWALFS,0.0472650576508717
B00K73KJKQ,0.34907968952834406
B00DPEK42W,0.5142054675050107
B004CH1UR4,0.020458034736681435
B01AOBVETU,0.11461803233992184
B001ROJ3FQ,0.27950374414170703
B00488N8KY,0.41893205261394606
B0015A23PO,0.10451830039021731
B00NDLPCP6,0.38152206292341717
B0011FJKK4,0.41205277193769624
B000WS3AJS,0.2419196381476728
B0075ALTU8,0.17852452252861287
B00NSNWJIW,0.5285335132499615
B00JS8XK52,0.5234747875615741
B00XQ4Z1Q0,0.5229119688043757
B007S0WQXE,0.3647979765131479
B009PLM9NG,0.09222439871113908
B015Z6WJDY,0.3359392065292977
B019EGM3EG,0.16202567139598692
B0036RAO6Y,0.053453110152074254
B0050HLCG4,0.4537738700300973
B000XK0FFW,0.04769111421712505
B00NLVLW0W,0.1305516335480587
B007EMYD8M,0.0968191963837036
B00BN4WBJK,0.22469533197099045
B000WKXTNS,0.04279636771112916
B000EDBPQ6,0.059470928228745654
B002E0UEBE,0.2769395898790064
B005P0RF8A,0.11938815132569609
B001NJI7GQ,0.15529102886621746
B00GLP9QS0,0.5121482814239369
B00F54QG1S,0.4514187723798132
B0000DJ6NG,0.03449009409160147
B00IOE89VG,0.2545516421873218
B019QR8MQQ,0.32118059849638647
B00NBBCTMM,0.11228257102787771
B0027EOTKO,0.11277692358791377
B00FG8DACQ,0.2043782409787602
B00N2RRWQ8,0.4236786559507607
B000F9XBGQ,0.029833197445675128
B000FV5F4U,0.24584282306060284
B001E5E0DI,0.3394572825382708
B000WR2OFK,0.39360242374061
B009HSNDI2,0.12746019937593125
B018SWE5DY,0.4277891768501715
B00006FMLY,0.2684870854736825
B00J2WFP66,0.5272984984267922
B00E0W3KEC,0.2831671292770772
B00GWLK8LM,0.3195986001508197
B0074QL0K2,0.5110960153640736
B005VPTZUU,0.07794590062325085
B0029JIIK4,0.299007719920906
B0014C2JFC,0.4918582016952492
B00T6YT6D8,0.4926932158419277
B00I6CRPQQ,0.028855494402285367
B00V6P1D18,0.4287384476235504
B0042GWL14,0.4685211376383694
B000YF9944,0.11592116912030753
B0079EIIZ4,0.3847578162064697
B010RP7QWM,0.1513350013111803
B00EOGVJMY,0.33626725010561354
B000FVZW7K,0.09702338168973991
B00KOHNX6C,0.3048306391250693
B00ZOE5REQ,0.3475740762460679
B004ULUVU4,0.05856371201696435
B01FTEEDEA,0.1344389035706183
B000TIQGZG,0.4769499035493516
B00BHLEARA,0.3236647509197032
B000E4ALGU,0.4444825386187505
B013BN8QTY,0.23780308318711554
B00E5W9FQY,0.07875907137027016
B00282W8F8,0.3369114782582352
B001IZ7NHY,0.42226481420442474
B00F9SI1BI,0.19957710402095327
B000H24066,0.266359631022305
B00MWDAQFW,0.08294572710052611
B00BKL4KKY,0.432651728413547
B00EZP7OLO,0.2854090880965126
B0171Q6A6I,0.36655373002011765
B01F5EQRFC,0.2265046395597923
B00GMZ2HTY,0.32108660742728357
B00F9WW322,0.3569890891751639
B007BA478S,0.3623970301575352
B00060OHZS,0.08619261765781841
B0078DPBII,0.2548871512773652
B00JHSNS78,0.12366428695928602
B000BK11GQ,0.04441827306810342
B000EONEU0,0.3467992102948676
B01ESJ0BR0,0.48076733900522184
B004N8S36S,0.4829109182743717
B002MFVEB0,0.38047096629280713
B01EI0Y3IM,0.3214667991821148
B00UQMPJOE,0.35203957869850183
B003TJSJNE,0.1661644985372893
B001ACMCNA,0.18793439788134148
B0011BNDO2,0.34386815901349416
B001BM4JR6,0.4677948436422881
B001EO5UTM,0.1552677048815124
B001EQ4W1C,0.09916234807632131
9742356831,0.09782629564498217
B000KK4FHE,0.3492438188276891
B0062Q5V32,0.05751029526085848
B000UCOQV2,0.39847950281543715
B00K8APSMC,0.21754862587040172
B0016NRLHU,0.1616837959105727
B001IZM91Y,0.4495828556472033
B00KWD032A,0.03608202492715564
B01769TAYO,0.040139750409065394
B00DWDFH96,0.3986181155201162
B000AXSFZY,0.49666034538623505
B003YJ14QS,0.2232549704459397
B005ECLNIM,0.28716678009846014
B000EDBPZC,0.21532656414399926
B00CS4J6B0,0.3122127872439905
B00FGQTG2Q,0.5061485937635193
B00MDTUZUG,0.43839098482896766
B00RPWEF7K,0.03260905884707293
B00MH58QVG,0.2480110358133733
B001HXI0V0,0.12037779406545022
B004YZ43GE,0.03545717389187362
B00TO3DOEI,0.09803937219287016
B000H153AE,0.038088937268327516
B001ABOCBG,0.11218174532125316
B005DFL4PM,0.42074871445472806
B005GQYJJG,0.4055173042279119
B0052OOYOW,0.028219607647852307
B000LKU3DI,0.06683461699148406
B00U0A6AKY,0.024051217245187342
B001FXM9FK,0.4701344268257043
B00EHLRMOK,0.2399727466824252
B00EQ4YJMQ,0.5015185015212394
B003VTG7RC,0.290144257908716
B001FXQAH8,0.08571089931845276
B003IMCQLI,0.4337593061856057
B018FMKYRS,0.34700118167979394
B003U4SB1I,0.34587756185997276
B004IMYBB0,0.43844525987175503
B00B0GGABG,0.40079194246735106
B00D6EUULG,0.32466578944272806
B00BW6QUT6,0.019094812862727965
B00V3M8XRG,0.27334278550704827
B014GLC2LS,0.06539161269761008
B000JSLYSU,0.055038252151722145
B001HTIXPC,0.2970366298802347
B01FGPR9SY,0.2722346718573083
B000WGELOI,0.2704988550286011
B001E5E3FS,0.09047832549555106
B00451SD4U,0.5127581431767804
B000VTH3BE,0.07268055857480082
B00L5PNECU,0.06901940824375932
B01G4I8VGQ,0.20714565066301982
B01F563CX0,0.4723293547442933
B014THN4OI,0.09576683344619569
B01ATWI17W,0.10977804195077992
B001KZ1AE4,0.152
