title_year,gross,budget,marga,marga_coef,imdb_score,director_name,actor_1_name,num_voted_users,movie_facebook_likes,film_class,good_film_summ,year_class
2009.0,760505847.0,237000000.0,523505847.0,3.208885430379747,7.9,James Cameron,CCH Pounder,886204,33000,1,2,1
2007.0,309404152.0,300000000.0,9404152.0,1.0313471733333333,7.1,Gore Verbinski,Johnny Depp,471220,0,0,4,1
2015.0,200074175.0,245000000.0,-44925825.0,0.8166292857142857,6.8,Sam Mendes,Christoph Waltz,275868,85000,0,1,0
2012.0,73058679.0,263700000.0,-190641321.0,0.277052252559727,6.6,Andrew Stanton,Daryl Sabara,212204,24000,0,7,1
2007.0,336530303.0,258000000.0,78530303.0,1.3043810193798449,6.2,Sam Raimi,J.K. Simmons,383056,0,0,4,1
2010.0,200807262.0,260000000.0,-59192738.0,0.772335623076923,7.8,Nathan Greno,Brad Garrett,294810,29000,0,2,1
2015.0,458991599.0,250000000.0,208991599.0,1.835966396,7.5,Joss Whedon,Chris Hemsworth,462669,118000,0,1,0
2009.0,301956980.0,250000000.0,51956980.0,1.20782792,7.5,David Yates,Alan Rickman,321795,10000,0,2,1
2016.0,330249062.0,250000000.0,80249062.0,1.320996248,6.9,Zack Snyder,Henry Cavill,371639,197000,0,3,1
2006.0,200069408.0,209000000.0,-8930592.0,0.9572698947368421,6.1,Bryan Singer,Kevin Spacey,240396,0,0,2,1
2008.0,168368427.0,200000000.0,-31631573.0,0.841842135,6.7,Marc Forster,Giancarlo Giannini,330784,0,0,2,1
2006.0,423032628.0,225000000.0,198032628.0,1.8801450133333333,7.3,Gore Verbinski,Johnny Depp,522040,5000,0,2,1
2013.0,89289910.0,215000000.0,-125710090.0,0.4153019069767442,6.5,Gore Verbinski,Johnny Depp,181792,48000,0,4,1
2013.0,291021565.0,225000000.0,66021565.0,1.2934291777777778,7.2,Zack Snyder,Henry Cavill,548573,118000,0,4,1
2008.0,141614023.0,225000000.0,-83385977.0,0.6293956577777777,6.6,Andrew Adamson,Peter Dinklage,149922,0,0,2,1
2012.0,623279547.0,220000000.0,403279547.0,2.83308885,8.1,Joss Whedon,Chris Hemsworth,995415,123000,1,7,1
2011.0,241063875.0,250000000.0,-8936125.0,0.9642555,6.7,Rob Marshall,Johnny Depp,370704,58000,0,0,0
2012.0,179020854.0,225000000.0,-45979146.0,0.79564824,6.8,Barry Sonnenfeld,Will Smith,268154,40000,0,7,1
2014.0,255108370.0,250000000.0,5108370.0,1.02043348,7.5,Peter Jackson,Aidan Turner,354228,65000,0,6,1
2012.0,262030663.0,230000000.0,32030663.0,1.139263752173913,7.0,Marc Webb,Emma Stone,451803,56000,0,7,1
2010.0,105219735.0,200000000.0,-94780265.0,0.526098675,6.7,Ridley Scott,Mark Addy,211765,17000,0,2,1
2013.0,258355354.0,225000000.0,33355354.0,1.1482460177777778,7.9,Peter Jackson,Aidan Turner,483540,83000,0,4,1
2007.0,70083519.0,180000000.0,-109916481.0,0.38935288333333334,6.1,Chris Weitz,Christopher Lee,149019,0,0,4,1
2005.0,218051260.0,207000000.0,11051260.0,1.053387729468599,7.2,Peter Jackson,Naomi Watts,316018,0,0,5,1
2016.0,407197282.0,250000000.0,157197282.0,1.628789128,8.2,Anthony Russo,Robert Downey Jr.,272670,72000,0,3,1
2012.0,65173160.0,209000000.0,-143826840.0,0.3118333014354067,5.9,Peter Berg,Liam Neeson,202382,44000,0,7,1
2015.0,652177271.0,150000000.0,502177271.0,4.347848473333333,7.0,Colin Trevorrow,Bryce Dallas Howard,418214,150000,1,1,0
2012.0,304360277.0,200000000.0,104360277.0,1.521801385,7.8,Sam Mendes,Albert Finney,522030,80000,0,7,1
2004.0,373377893.0,200000000.0,173377893.0,1.866889465,7.3,Sam Raimi,J.K. Simmons,411164,0,0,5,1
2013.0,408992272.0,200000000.0,208992272.0,2.04496136,7.2,Shane Black,Robert Downey Jr.,557489,95000,0,4,1
2010.0,334185206.0,200000000.0,134185206.0,1.67092603,6.5,Tim Burton,Johnny Depp,306320,24000,0,2,1
2006.0,234360014.0,210000000.0,24360014.0,1.1160000666666667,6.8,Brett Ratner,Hugh Jackman,383427,0,0,2,1
2013.0,268488329.0,200000000.0,68488329.0,1.342441645,7.3,Dan Scanlon,Steve Buscemi,235025,44000,0,4,1
2009.0,402076689.0,200000000.0,202076689.0,2.010383445,6.0,Michael Bay,Glenn Morshower,323207,0,0,2,1
2014.0,245428137.0,210000000.0,35428137.0,1.1687054142857143,5.7,Michael Bay,Bingbing Li,242420,56000,0,6,1
2013.0,234903076.0,215000000.0,19903076.0,1.092572446511628,6.4,Sam Raimi,Tim Holmes,175409,60000,0,4,1
2014.0,202853933.0,200000000.0,2853933.0,1.014269665,6.7,Marc Webb,Emma Stone,321227,41000,0,6,1
2010.0,172051787.0,170000000.0,2051787.0,1.0120693352941177,6.8,Joseph Kosinski,Jeff Bridges,264183,30000,0,2,1
2011.0,191450875.0,200000000.0,-8549125.0,0.957254375,6.3,John Lasseter,Joe Mantegna,101178,10000,0,0,0
2011.0,116593191.0,200000000.0,-83406809.0,0.582965955,5.6,Martin Campbell,Ryan Reynolds,223393,24000,0,0,0
2010.0,414984497.0,200000000.0,214984497.0,2.074922485,8.3,Lee Unkrich,Tom Hanks,544884,30000,0,2,1
2009.0,125320003.0,200000000.0,-74679997.0,0.626600015,6.6,McG,Christian Bale,286095,0,0,2,1
2013.0,202351611.0,190000000.0,12351611.0,1.0650084789473684,7.0,Marc Forster,Peter Capaldi,465019,129000,0,4,1
2014.0,233914986.0,200000000.0,33914986.0,1.16957493,8.0,Bryan Singer,Jennifer Lawrence,514125,82000,0,6,1
2013.0,228756232.0,190000000.0,38756232.0,1.2039801684210527,7.8,J.J. Abrams,Benedict Cumberbatch,395573,92000,0,4,1
2013.0,65171860.0,195000000.0,-129828140.0,0.33421466666666666,6.3,Bryan Singer,Eddie Marsan,106416,22000,0,4,1
2010.0,90755643.0,200000000.0,-109244357.0,0.453778215,6.6,Mike Newell,Jake Gyllenhaal,222403,23000,0,2,1
2013.0,101785482.0,190000000.0,-88214518.0,0.5357130631578947,7.0,Guillermo del Toro,Charlie Hunnam,381148,83000,0,4,1
2011.0,352358779.0,195000000.0,157358779.0,1.8069680974358975,6.3,Michael Bay,Glenn Morshower,326180,46000,0,0,0
2008.0,317011114.0,185000000.0,132011114.0,1.7135735891891892,6.2,Steven Spielberg,Harrison Ford,333847,5000,0,2,1
2015.0,332000000.0,200000000.0,132000000.0,1.66,6.8,Peter Sohn,A.J. Buckley,62836,20000,0,1,0
2012.0,237282182.0,185000000.0,52282182.0,1.2826063891891892,7.2,Mark Andrews,Kelly Macdonald,273556,39000,0,7,1
2016.0,130468626.0,185000000.0,-54531374.0,0.7052358162162162,7.5,Justin Lin,Sofia Boutella,53607,30000,0,3,1
2008.0,223806889.0,180000000.0,43806889.0,1.2433716055555555,8.4,Andrew Stanton,John Ratzenberger,718837,16000,0,2,1
2009.0,166112167.0,200000000.0,-33887833.0,0.830560835,5.8,Roland Emmerich,Oliver Platt,283418,13000,0,2,1
2015.0,47375327.0,176000000.0,-128624673.0,0.26917799431818185,5.4,Lana Wachowski,Channing Tatum,139593,44000,0,1,0
2016.0,124051759.0,180000000.0,-55948241.0,0.6891764388888889,6.6,David Yates,Christoph Waltz,42372,29000,0,3,1
2005.0,291709845.0,180000000.0,111709845.0,1.62061025,6.9,Andrew Adamson,Jim Broadbent,286506,0,0,5,1
2016.0,154985087.0,178000000.0,-23014913.0,0.8707027359550562,7.3,Bryan Singer,Jennifer Lawrence,148379,54000,0,3,1
2009.0,292979556.0,175000000.0,117979556.0,1.6741688914285715,8.3,Pete Docter,John Ratzenberger,665575,27000,0,2,1
2009.0,198332128.0,175000000.0,23332128.0,1.1333264457142858,6.5,Rob Letterman,Amy Poehler,114553,0,0,2,1
2008.0,318298180.0,140000000.0,178298180.0,2.2735584285714285,7.9,Jon Favreau,Robert Downey Jr.,696338,10000,0,2,1
2011.0,73820094.0,170000000.0,-96179906.0,0.4342358470588235,7.5,Martin Scorsese,Chloë Grace Moretz,245333,42000,0,0,0
2008.0,102176165.0,145000000.0,-42823835.0,0.7046632068965517,5.2,Rob Cohen,Jet Li,117927,0,0,2,1
2016.0,161087183.0,175000000.0,-13912817.0,0.9204981885714286,6.9,David Ayer,Will Smith,118992,80000,0,3,1
2014.0,100189501.0,178000000.0,-77810499.0,0.5628623651685394,7.9,Doug Liman,Tom Cruise,431620,77000,0,6,1
1995.0,88246220.0,175000000.0,-86753780.0,0.5042641142857143,6.1,Kevin Reynolds,Jeanne Tripplehorn,144337,0,0,6,1
2009.0,150167630.0,175000000.0,-24832370.0,0.8581007428571429,5.8,Stephen Sommers,Joseph Gordon-Levitt,174578,0,0,2,1
2015.0,356454367.0,175000000.0,181454367.0,2.036882097142857,8.3,Pete Docter,Amy Poehler,345198,118000,0,1,0
2016.0,362645141.0,175000000.0,187645141.0,2.0722579485714285,7.8,Jon Favreau,Scarlett Johansson,106072,65000,0,3,1
2010.0,312057433.0,200000000.0,112057433.0,1.560287165,7.0,Jon Favreau,Robert Downey Jr.,522371,18000,0,2,1
2012.0,155111815.0,170000000.0,-14888185.0,0.9124224411764705,6.1,Rupert Sanders,Chris Hemsworth,228554,53000,0,7,1
2014.0,241407328.0,180000000.0,61407328.0,1.3411518222222223,7.0,Robert Stromberg,Angelina Jolie Pitt,252257,89000,0,6,1
2014.0,208543795.0,170000000.0,38543795.0,1.226728205882353,7.6,Matt Reeves,Gary Oldman,317542,45000,0,6,1
2013.0,38297305.0,175000000.0,-136702695.0,0.21884174285714286,6.3,Carl Rinsch,Keanu Reeves,116994,35000,0,4,1
2014.0,259746958.0,170000000.0,89746958.0,1.5279232823529412,7.8,Anthony Russo,Scarlett Johansson,496749,55000,0,6,1
2010.0,238371987.0,165000000.0,73371987.0,1.444678709090909,6.4,Mike Mitchell,Jon Hamm,138661,0,0,2,1
2015.0,93417865.0,190000000.0,-96582135.0,0.49167297368421053,6.5,Brad Bird,Judy Greer,128306,37000,0,1,0
2014.0,222487711.0,165000000.0,57487711.0,1.3484103696969696,7.9,Don Hall,Damon Wayans Jr.,279093,41000,0,6,1
2012.0,189412677.0,165000000.0,24412677.0,1.1479556181818182,7.8,Rich Moore,Jack McBrayer,272534,40000,0,7,1
2004.0,665426.0,165000000.0,-164334574.0,0.004032884848484849,6.6,Robert Zemeckis,Tom Hanks,120798,10000,0,5,1
2016.0,102315545.0,165000000.0,-62684455.0,0.6200942121212121,5.5,Roland Emmerich,Vivica A. Fox,58137,67000,0,3,1
2010.0,217387997.0,165000000.0,52387997.0,1.3175030121212121,8.2,Dean DeBlois,Gerard Butler,485430,33000,0,2,1
2014.0,333130696.0,170000000.0,163130696.0,1.9595923294117648,8.1,James Gunn,Bradley Cooper,682155,96000,0,6,1
2014.0,187991439.0,165000000.0,22991439.0,1.1393420545454545,8.6,Christopher Nolan,Matthew McConaughey,928227,349000,0,6,1
2010.0,292568851.0,160000000.0,132568851.0,1.82855531875,8.8,Christopher Nolan,Leonardo DiCaprio,1468200,175000,0,2,1
2012.0,303001229.0,180000000.0,123001229.0,1.6833401611111112,7.9,Peter Jackson,Aidan Turner,637246,166000,0,7,1
2011.0,146405371.0,160000000.0,-13594629.0,0.91503356875,7.8,Matthew Vaughn,Jennifer Lawrence,518537,54000,0,0,0
2015.0,281666058.0,160000000.0,121666058.0,1.7604128625,6.6,Francis Lawrence,Jennifer Lawrence,166137,38000,0,1,0
2010.0,63143812.0,150000000.0,-86856188.0,0.42095874666666666,6.1,Jon Turteltaub,Nicolas Cage,124185,11000,0,2,1
2006.0,60655503.0,160000000.0,-99344497.0,0.37909689375,5.6,Wolfgang Petersen,Jimmy Bennett,82380,0,0,2,1
2016.0,76846624.0,170000000.0,-93153376.0,0.45203896470588234,6.4,James Bobin,Johnny Depp,21352,30000,0,3,1
2007.0,320706665.0,160000000.0,160706665.0,2.00441665625,6.1,Chris Miller,Justin Timberlake,211971,0,0,4,1
2016.0,46978995.0,160000000.0,-113021005.0,0.29361871875,7.3,Duncan Jones,Dominic Cooper,111609,89000,0,3,1
2015.0,89732035.0,155000000.0,-65267965.0,0.5789163548387096,6.6,Alan Taylor,J.K. Simmons,188457,82000,0,1,0
2010.0,104383624.0,155000000.0,-50616376.0,0.673442735483871,6.3,Michael Apted,Bruce Spence,106446,11000,0,2,1
2007.0,318759914.0,150000000.0,168759914.0,2.1250660933333334,7.1,Michael Bay,Zack Ward,513158,8000,0,4,1
2004.0,34293771.0,155000000.0,-120706229.0,0.22125013548387096,5.5,Oliver Stone,Anthony Hopkins,138863,0,0,5,1
2007.0,292000866.0,150000000.0,142000866.0,1.94667244,7.5,David Yates,Robert Pattinson,355137,0,0,4,1
2005.0,289994397.0,150000000.0,139994397.0,1.93329598,7.6,Mike Newell,Robert Pattinson,385670,0,0,5,1
2005.0,206456431.0,150000000.0,56456431.0,1.3763762066666667,6.7,Tim Burton,Johnny Depp,320284,0,0,5,1
2005.0,205343774.0,150000000.0,55343774.0,1.3689584933333334,8.3,Christopher Nolan,Christian Bale,980946,15000,0,5,1
2008.0,179982968.0,150000000.0,29982968.0,1.1998864533333333,6.7,Eric Darnell,Bernie Mac,146019,0,0,2,1
2009.0,177243721.0,150000000.0,27243721.0,1.1816248066666666,5.9,Shawn Levy,Robin Williams,130272,2000,0,2,1
2009.0,179883016.0,150000000.0,29883016.0,1.1992201066666666,6.7,Gavin Hood,Hugh Jackman,361924,0,0,2,1
2013.0,400736600.0,150000000.0,250736600.0,2.6715773333333335,7.6,Chris Buck,Josh Gad,421658,58000,1,4,1
2013.0,206360018.0,170000000.0,36360018.0,1.2138824588235295,7.1,Alan Taylor,Chris Hemsworth,414070,63000,0,4,1
2015.0,153629485.0,150000000.0,3629485.0,1.0241965666666666,8.1,George Miller,Tom Hardy,552503,191000,0,1,0
2011.0,181015141.0,150000000.0,31015141.0,1.2067676066666666,7.0,Kenneth Branagh,Chris Hemsworth,536314,63000,0,0,0
2008.0,114053579.0,150000000.0,-35946421.0,0.7603571933333333,6.9,Byron Howard,Chloë Grace Moretz,146766,0,0,2,1
2009.0,119420252.0,150000000.0,-30579748.0,0.7961350133333334,5.1,Hoyt Yeatman,Kelli Garner,33042,0,0,2,1
2012.0,83640426.0,150000000.0,-66359574.0,0.55760284,5.8,Jonathan Liebesman,Liam Neeson,152826,19000,0,7,1
2015.0,195000874.0,150000000.0,45000874.0,1.3000058266666668,7.4,Christopher McQuarrie,Tom Cruise,232187,47000,0,1,0
2016.0,124051759.0,180000000.0,-55948241.0,0.6891764388888889,6.6,David Yates,Christoph Waltz,42372,29000,0,3,1
2007.0,126597121.0,150000000.0,-23402879.0,0.8439808066666666,6.2,Steve Hickner,Matthew Broderick,105902,0,0,4,1
2011.0,165230261.0,150000000.0,15230261.0,1.1015350733333333,7.3,Jennifer Yuh Nelson,Angelina Jolie Pitt,182718,20000,0,0,0
2010.0,131564731.0,150000000.0,-18435269.0,0.8770982066666667,4.2,M. Night Shyamalan,Seychelle Gabriel,118951,18000,0,2,1
2006.0,133382309.0,150000000.0,-16617691.0,0.8892153933333333,6.9,J.J. Abrams,Philip Seymour Hoffman,256695,0,0,2,1
2011.0,21379315.0,150000000.0,-128620685.0,0.14252876666666667,5.4,Simon Wells,Elisabeth Harnois,17590,0,0,0,0
2006.0,64459316.0,149000000.0,-84540684.0,0.4326128590604027,6.7,David Bowers,Hugh Jackman,85086,0,0,2,1
2015.0,34964818.0,150000000.0,-115035182.0,0.23309878666666667,5.8,Joe Wright,Hugh Jackman,39956,24000,0,1,0
2014.0,111505642.0,145000000.0,-33494358.0,0.7690044275862069,6.9,Rob Minkoff,Ty Burrell,47900,11000,0,6,1
2004.0,133228348.0,175000000.0,-41771652.0,0.7613048457142857,7.2,Wolfgang Petersen,Brad Pitt,381672,0,0,5,1
2012.0,216366733.0,145000000.0,71366733.0,1.4921843655172413,6.9,Eric Darnell,Jada Pinkett Smith,119213,17000,0,7,1
2002.0,160201106.0,142000000.0,18201106.0,1.1281768028169015,6.1,Lee Tamahori,Toby Stephens,169914,0,0,9,1
1998.0,201573391.0,140000000.0,61573391.0,1.4398099357142857,6.6,Michael Bay,Bruce Willis,322395,11000,0,1,0
2002.0,190418803.0,140000000.0,50418803.0,1.360134307142857,6.1,Barry Sonnenfeld,Will Smith,270207,2000,0,9,1
2007.0,82161969.0,150000000.0,-67838031.0,0.54774646,6.3,Robert Zemeckis,Robin Wright,142440,3000,0,4,1
2016.0,143523463.0,145000000.0,-1476537.0,0.9898169862068965,7.2,Alessandro Carloni,J.K. Simmons,64322,24000,0,3,1
2011.0,209364921.0,145000000.0,64364921.0,1.4438960068965516,7.4,Brad Bird,Tom Cruise,365104,35000,0,0,0
2012.0,103400692.0,145000000.0,-41599308.0,0.7131082206896552,7.3,Peter Ramsey,Hugh Jackman,123553,25000,0,7,1
2014.0,65007045.0,140000000.0,-74992955.0,0.4643360357142857,6.1,Ridley Scott,Christian Bale,128682,51000,0,6,1
2009.0,257704099.0,150000000.0,107704099.0,1.7180273266666666,8.0,J.J. Abrams,Chris Hemsworth,504419,19000,0,2,1
2002.0,403706375.0,139000000.0,264706375.0,2.9043624100719425,7.3,Sam Raimi,J.K. Simmons,544665,5000,1,9,1
2014.0,176997107.0,145000000.0,31997107.0,1.2206697034482759,7.9,Dean DeBlois,Gerard Butler,221128,46000,0,6,1
2016.0,31141074.0,140000000.0,-108858926.0,0.22243624285714286,5.5,Alex Proyas,Gerard Butler,51892,24000,0,3,1
2005.0,31704416.0,135000000.0,-103295584.0,0.23484752592592592,5.0,Rob Cohen,Sam Shepard,45455,0,0,5,1
2013.0,122512052.0,130000000.0,-7487948.0,0.9424004,5.8,Jon M. Chu,Channing Tatum,146352,42000,0,4,1
2005.0,68642452.0,130000000.0,-61357548.0,0.5280188615384616,6.0,Breck Eisner,Matthew McConaughey,77673,0,0,5,1
2001.0,32131830.0,137000000.0,-104868170.0,0.23453890510948905,6.4,Hironobu Sakaguchi,Steve Buscemi,72259,0,0,7,1
2011.0,176636816.0,140000000.0,36636816.0,1.261691542857143,6.9,Joe Johnston,Chris Evans,508818,46000,0,0,0
1999.0,126930660.0,135000000.0,-8069340.0,0.9402271111111111,6.4,Michael Apted,Colin Salmon,157519,2000,0,4,1
2003.0,93926386.0,150000000.0,-56073614.0,0.6261759066666667,7.4,Peter Weir,James D'Arcy,168207,0,0,6,1
2012.0,292298923.0,120000000.0,172298923.0,2.4358243583333334,5.5,Bill Condon,Robert Pattinson,185394,65000,1,7,1
2008.0,134518390.0,150000000.0,-15481610.0,0.8967892666666667,6.8,Louis Leterrier,Ty Burrell,326286,0,0,2,1
2016.0,52792307.0,140000000.0,-87207693.0,0.37708790714285717,6.8,Steven Spielberg,Mark Rylance,12572,27000,0,3,1
2015.0,183635922.0,135000000.0,48635922.0,1.360266088888889,8.1,Alejandro G. Iñárritu,Leonardo DiCaprio,406020,190000,0,1,0
2013.0,83024900.0,135000000.0,-51975100.0,0.6149992592592592,6.5,David Soren,Ryan Reynolds,62424,13000,0,4,1
2011.0,123207194.0,135000000.0,-11792806.0,0.9126458814814815,7.2,Gore Verbinski,Johnny Depp,183208,26000,0,0,0
2014.0,83348920.0,132000000.0,-48651080.0,0.6314312121212121,6.7,Eric Darnell,Benedict Cumberbatch,60230,11000,0,6,1
2008.0,215395021.0,130000000.0,85395021.0,1.656884776923077,7.6,Mark Osborne,Angelina Jolie Pitt,307029,6000,0,2,1
2015.0,180191634.0,130000000.0,50191634.0,1.3860894923076923,7.4,Peyton Reed,Judy Greer,313866,61000,0,1,0
2013.0,424645577.0,130000000.0,294645577.0,3.2665044384615385,7.6,Francis Lawrence,Jennifer Lawrence,498397,82000,1,4,1
2012.0,292298923.0,120000000.0,172298923.0,2.4358243583333334,5.5,Bill Condon,Robert Pattinson,185394,65000,1,7,1
2015.0,177343675.0,135000000.0,42343675.0,1.3136568518518519,6.7,Tim Johnson,Jim Parsons,70121,26000,0,1,0
2005.0,234277056.0,132000000.0,102277056.0,1.7748261818181819,6.5,Steven Spielberg,Tom Cruise,334345,0,0,5,1
2011.0,149234747.0,130000000.0,19234747.0,1.1479595923076924,6.7,Chris Miller,Salma Hayek,114287,16000,0,0,0
2014.0,101160529.0,125000000.0,-23839471.0,0.809284232,5.8,Darren Aronofsky,Anthony Hopkins,200022,71000,0,6,1
2011.0,77564037.0,135000000.0,-57435963.0,0.5745484222222222,7.4,Steven Spielberg,Toby Jones,177383,44000,0,0,0
2004.0,249358727.0,130000000.0,119358727.0,1.9181440538461538,7.8,Alfonso Cuarón,Daniel Radcliffe,382255,11000,0,5,1
2008.0,49551662.0,130000000.0,-80448338.0,0.3811666307692308,6.6,Baz Luhrmann,Essie Davis,102338,0,0,2,1
2013.0,60522097.0,130000000.0,-69477903.0,0.4655545923076923,4.9,M. Night Shyamalan,Will Smith,158720,37000,0,4,1
2000.0,137748063.0,127500000.0,10248063.0,1.0803769647058823,6.5,Eric Leighton,Alfre Woodard,38438,0,0,3,1
2014.0,113733726.0,127000000.0,-13266274.0,0.8955411496062992,6.2,Shawn Levy,Robin Williams,67223,11000,0,6,1
2001.0,317557891.0,125000000.0,192557891.0,2.540463128,7.5,Chris Columbus,Daniel Radcliffe,444683,16000,1,7,1
2003.0,305388685.0,140000000.0,165388685.0,2.18134775,8.1,Gore Verbinski,Johnny Depp,809474,10000,0,6,1
2014.0,337103873.0,125000000.0,212103873.0,2.696830984,6.7,Francis Lawrence,Jennifer Lawrence,305008,52000,1,6,1
2014.0,131536019.0,103000000.0,28536019.0,1.2770487281553398,6.4,Carlos Saldanha,Miguel Ferrer,58498,0,0,6,1
2003.0,214948780.0,110000000.0,104948780.0,1.9540798181818182,7.5,Bryan Singer,Hugh Jackman,405973,0,0,6,1
2011.0,186830669.0,125000000.0,61830669.0,1.494645352,7.5,Guy Ritchie,Robert Downey Jr.,338635,39000,0,0,0
2010.0,163192114.0,125000000.0,38192114.0,1.305536912,5.8,Louis Leterrier,Liam Neeson,229679,15000,0,2,1
1999.0,32694788.0,85000000.0,-52305212.0,0.3846445647058824,6.6,John McTiernan,Tony Curran,101411,0,0,4,1
2012.0,113165635.0,125000000.0,-11834365.0,0.90532508,6.7,Tony Gilroy,Jeremy Renner,229823,31000,0,7,1
2004.0,186739919.0,125000000.0,61739919.0,1.493919352,6.4,Roland Emmerich,Jake Gyllenhaal,333248,19000,0,5,1
2000.0,215397307.0,125000000.0,90397307.0,1.723178456,6.1,John Woo,Tom Cruise,242188,0,0,3,1
2000.0,182618434.0,140000000.0,42618434.0,1.3044173857142858,6.4,Wolfgang Petersen,Karen Allen,133076,0,0,3,1
2007.0,131920333.0,130000000.0,1920333.0,1.0147717923076922,5.6,Tim Story,Chris Evans,213275,0,0,4,1
2012.0,124976634.0,120000000.0,4976634.0,1.04147195,8.0,Ang Lee,Suraj Sharma,440084,122000,0,7,1
2003.0,100685880.0,120000000.0,-19314120.0,0.839049,4.8,McG,Demi Moore,100821,0,0,6,1
2012.0,126464904.0,130000000.0,-3535096.0,0.9728069538461539,7.0,Ridley Scott,Michael Fassbender,456260,97000,0,7,1
2002.0,64736114.0,120000000.0,-55263886.0,0.5394676166666666,5.4,Rob Minkoff,Nathan Lane,36471,459,0,9,1
2004.0,57637485.0,105000000.0,-47362515.0,0.5489284285714285,6.7,David Twohy,Vin Diesel,183909,0,0,5,1
2013.0,89021735.0,120000000.0,-30978265.0,0.7418477916666667,7.0,Joseph Kosinski,Morgan Freeman,387436,71000,0,4,1
2005.0,380262555.0,113000000.0,267262555.0,3.365155353982301,7.6,George Lucas,Natalie Portman,520104,10000,1,5,1
2002.0,310675583.0,115000000.0,195675583.0,2.701526808695652,6.7,George Lucas,Natalie Portman,464310,0,1,9,1
2001.0,289907418.0,115000000.0,174907418.0,2.5209340695652176,8.1,Pete Docter,Steve Buscemi,585659,0,1,7,1
2013.0,132550960.0,120000000.0,12550960.0,1.1045913333333333,6.7,James Mangold,Hugh Jackman,328067,68000,0,4,1
1999.0,474544677.0,115000000.0,359544677.0,4.126475452173913,6.5,George Lucas,Natalie Portman,534658,13000,1,4,1
2013.0,187165546.0,135000000.0,52165546.0,1.3864114518518518,7.3,Kirk De Micco,Ryan Reynolds,150618,28000,0,4,1
2008.0,78000000.0,78000000.0,0.0,1.0,5.1,Frédéric Forestier,Alain Delon,20567,291,0,2,1
2016.0,47952020.0,115000000.0,-67047980.0,0.4169740869565217,6.1,Cedric Nicolas-Troyan,Chris Hemsworth,37750,16000,0,3,1
2014.0,190871240.0,125000000.0,65871240.0,1.52696992,5.9,Jonathan Liebesman,Noel Fisher,167085,62000,0,6,1
2013.0,274084951.0,100000000.0,174084951.0,2.74084951,7.8,Alfonso Cuarón,Phaldut Sharma,582917,147000,1,4,1
1997.0,67155742.0,116000000.0,-48844258.0,0.5789288103448276,5.8,Roger Donaldson,Jamie Renée Smith,62271,0,0,2,1
2016.0,81638674.0,135000000.0,-53361326.0,0.6047309185185186,6.3,Dave Green,Stephen Amell,17533,12000,0,3,1
2015.0,56114221.0,120000000.0,-63885779.0,0.46761850833333335,4.3,Josh Trank,Tim Blake Nelson,110486,41000,0,1,0
2006.0,250863268.0,110000000.0,140863268.0,2.280575163636364,6.4,Shawn Levy,Robin Williams,234480,3000,0,2,1
2015.0,155181732.0,110000000.0,45181732.0,1.4107430181818181,6.1,Brad Peyton,Dwayne Johnson,147497,52000,0,1,0
1997.0,125332007.0,110000000.0,15332007.0,1.1393818818181818,6.5,Roger Spottiswoode,Vincent Schiavelli,149680,0,0,2,1
2015.0,129995817.0,110000000.0,19995817.0,1.1817801545454545,6.3,Robert Schwentke,Kate Winslet,154621,27000,0,1,0
2010.0,42776259.0,112000000.0,-69223741.0,0.38193088392857144,4.9,Rob Letterman,James Corden,53160,0,0,2,1
2011.0,142614158.0,110000000.0,32614158.0,1.2964923454545454,5.5,Raja Gosnell,Mahadeo Shivraj,66593,31000,0,0,0
2016.0,66002193.0,110000000.0,-43997807.0,0.6000199363636364,5.8,Robert Schwentke,Naomi Watts,44296,12000,0,3,1
2013.0,71017784.0,105000000.0,-33982216.0,0.6763598476190477,5.4,Raja Gosnell,Jacob Tremblay,27257,0,0,4,1
2007.0,134520804.0,110000000.0,24520804.0,1.2229164,7.2,Len Wiseman,Bruce Willis,336235,0,0,4,1
2001.0,313837577.0,93000000.0,220837577.0,3.3745976021505375,8.8,Peter Jackson,Christopher Lee,1238746,21000,1,7,1
2004.0,24004159.0,110000000.0,-85995841.0,0.21821962727272728,5.8,Frank Coraci,Jim Broadbent,68720,0,0,5,1
2003.0,100446895.0,109000000.0,-8553105.0,0.9215311467889908,3.8,Bo Welch,Sean Hayes,36033,946,0,6,1
2005.0,47396698.0,130000000.0,-82603302.0,0.3645899846153846,7.2,Ridley Scott,Liam Neeson,217373,0,0,5,1
1999.0,140015224.0,133000000.0,7015224.0,1.052746045112782,5.9,Rob Minkoff,Chazz Palminteri,94172,0,0,4,1
2015.0,228430993.0,108000000.0,120430993.0,2.115101787037037,8.1,Ridley Scott,Matt Damon,472488,153000,0,1,0
2005.0,35799026.0,126000000.0,-90200974.0,0.284119253968254,6.9,Michael Bay,Scarlett Johansson,263329,0,0,5,1
2002.0,261970615.0,100000000.0,161970615.0,2.61970615,7.4,Chris Columbus,Daniel Radcliffe,387616,0,1,9,1
2006.0,167007184.0,150000000.0,17007184.0,1.1133812266666667,8.0,Martin Campbell,Eva Green,470483,0,0,2,1
2001.0,180011740.0,100000000.0,80011740.0,1.8001174,5.7,Tim Burton,Cary-Hiroyuki Tagawa,177725,0,0,7,1
2000.0,89296573.0,100000000.0,-10703427.0,0.89296573,7.3,Mark Dindal,Eartha Kitt,128285,0,0,3,1
2012.0,85017401.0,92000000.0,-6982599.0,0.9241021847826087,6.7,Simon West,Jason Statham,246803,108000,0,7,1
2004.0,173005002.0,100000000.0,73005002.0,1.73005002,6.9,Jon Turteltaub,Nicolas Cage,255447,0,0,5,1
2006.0,75030163.0,100000000.0,-24969837.0,0.75030163,5.1,Stefen Fangmeier,Djimon Hounsou,108076,0,0,2,1
2009.0,77222184.0,100000000.0,-22777816.0,0.77222184,6.8,Spike Jonze,Catherine O'Hara,87677,11000,0,2,1
2015.0,34964818.0,150000000.0,-115035182.0,0.23309878666666667,5.8,Joe Wright,Hugh Jackman,39956,24000,0,1,0
2013.0,107515297.0,100000000.0,7515297.0,1.07515297,6.7,Chris Wedge,Josh Hutcherson,85833,17000,0,4,1
2006.0,57366262.0,100000000.0,-42633738.0,0.57366262,8.0,Edward Zwick,Leonardo DiCaprio,400292,14000,0,2,1
1995.0,184031112.0,100000000.0,84031112.0,1.84031112,5.4,Joel Schumacher,Michael Gough,190786,0,0,6,1
2010.0,55673333.0,80000000.0,-24326667.0,0.6959166625,7.0,Zack Snyder,Abbie Cornish,65785,16000,0,2,1
2014.0,72660029.0,100000000.0,-27339971.0,0.72660029,6.0,Brett Ratner,Dwayne Johnson,115687,21000,0,6,1
2002.0,38120554.0,140000000.0,-101879446.0,0.2722896714285714,7.1,Ron Clements,Joseph Gordon-Levitt,71527,0,0,9,1
2009.0,49392095.0,100000000.0,-50607905.0,0.49392095,5.4,Brad Silberling,Will Ferrell,52029,0,0,2,1
2014.0,39292022.0,90000000.0,-50707978.0,0.4365780222222222,6.1,Patrick Hughes,Jason Statham,127258,56000,0,6,1
2015.0,24985612.0,100000000.0,-75014388.0,0.24985612,7.0,Ron Howard,Chris Hemsworth,71782,27000,0,1,0
2015.0,130174897.0,99000000.0,31174897.0,1.3148979494949495,7.2,Steve Martino,Francesca Capaldi,27918,33000,0,1,0
2001.0,202007640.0,98000000.0,104007640.0,2.0613024489795917,6.3,Stephen Sommers,Dwayne Johnson,248045,0,0,7,1
1997.0,63540020.0,93000000.0,-29459980.0,0.6832260215053764,7.7,Luc Besson,Milla Jovovich,343274,18000,0,2,1
2000.0,50802661.0,95000000.0,-44197339.0,0.5347648526315789,6.9,Bibo Bergeron,Frank Welker,58300,0,0,3,1
2012.0,161317423.0,95000000.0,66317423.0,1.6980781368421052,6.6,Steve Martino,Peter Dinklage,145321,14000,0,7,1
2003.0,380838870.0,94000000.0,286838870.0,4.0514773404255315,8.2,Andrew Stanton,Alexander Gould,692482,11000,1,6,1
2003.0,377019252.0,94000000.0,283019252.0,4.010843106382978,8.9,Peter Jackson,Orlando Bloom,1215718,16000,1,6,1
2002.0,340478898.0,94000000.0,246478898.0,3.622115936170213,8.7,Peter Jackson,Christopher Lee,1100446,10000,1,9,1
2014.0,17176900.0,95000000.0,-77823100.0,0.18080947368421052,5.5,Sergey Bodrov,Jeff Bridges,54501,16000,0,6,1
2001.0,131144183.0,115000000.0,16144183.0,1.1403842,5.7,Simon West,Angelina Jolie Pitt,157016,0,0,7,1
2001.0,181166115.0,93000000.0,88166115.0,1.9480227419354839,5.9,Joe Johnston,Michael Jeter,219501,0,0,7,1
2008.0,71148699.0,90000000.0,-18851301.0,0.7905411,6.6,Mark Waters,Martin Short,68935,0,0,2,1
2004.0,261437578.0,92000000.0,169437578.0,2.841712804347826,8.0,Brad Bird,Holly Hunter,479166,0,1,5,1
1995.0,11000000.0,98000000.0,-87000000.0,0.11224489795918367,5.6,Renny Harlin,Christopher Masterson,21102,1000,0,6,1
2010.0,88761720.0,95000000.0,-6238280.0,0.9343338947368421,5.9,Chris Columbus,Logan Lerman,141179,9000,0,2,1
1997.0,250147615.0,90000000.0,160147615.0,2.7794179444444445,7.3,Barry Sonnenfeld,Will Smith,403014,0,1,2,1
1999.0,245823397.0,90000000.0,155823397.0,2.7313710777777778,7.9,John Lasseter,Tom Hanks,385871,0,1,4,1
2009.0,196573705.0,90000000.0,106573705.0,2.1841522777777778,7.0,Carlos Saldanha,Denis Leary,166791,0,0,2,1
2013.0,58229120.0,90000000.0,-31770880.0,0.6469902222222222,7.3,Ben Stiller,Adam Scott,236421,70000,0,4,1
2000.0,125305545.0,92000000.0,33305545.0,1.3620167934782608,5.5,McG,Bill Murray,145350,0,0,3,1
1998.0,120618403.0,90000000.0,30618403.0,1.3402044777777777,7.5,Tony Bancroft,Ming-Na Wen,171792,12000,0,1,0
1995.0,100012500.0,90000000.0,10012500.0,1.11125,7.6,John McTiernan,Bruce Willis,299258,0,0,6,1
2009.0,209019489.0,90000000.0,119019489.0,2.3224387666666666,7.6,Guy Ritchie,Robert Downey Jr.,477300,20000,0,2,1
2016.0,0.0,0.0,0.0,,6.1,Timur Bekmambetov,Morgan Freeman,57,0,0,3,1
2001.0,84037039.0,120000000.0,-35962961.0,0.7003086583333333,6.8,Gary Trousdale,Leonard Nimoy,72591,0,0,7,1
2015.0,85884815.0,90000000.0,-4115185.0,0.9542757222222222,5.0,Walt Becker,Bella Thorne,9418,0,0,1,0
2001.0,78616689.0,100000000.0,-21383311.0,0.78616689,7.1,Steven Spielberg,Haley Joel Osment,238747,11000,0,7,1
2013.0,68558662.0,90000000.0,-21441338.0,0.7617629111111112,5.9,Thor Freudenthal,Logan Lerman,86627,28000,0,4,1
2003.0,65653758.0,95000000.0,-29346242.0,0.6910921894736842,5.5,Jan de Bont,Gerard Butler,102747,0,0,6,1
2016.0,64685359.0,90000000.0,-25314641.0,0.7187262111111111,6.9,Jon M. Chu,Daniel Radcliffe,40862,15000,0,3,1
1997.0,61355436.0,68000000.0,-6644564.0,0.9022858235294118,6.2,Phillip Noyce,Alun Armstrong,52136,0,0,2,1
2000.0,60874615.0,90000000.0,-29125385.0,0.6763846111111111,5.6,Brian De Palma,Don Cheadle,60467,0,0,3,1
2011.0,143618384.0,90000000.0,53618384.0,1.5957598222222222,7.0,Carlos Saldanha,Anne Hathaway,165333,19000,0,0,0
2015.0,56114221.0,120000000.0,-63885779.0,0.46761850833333335,4.3,Josh Trank,Tim Blake Nelson,110486,41000,0,1,0
1982.0,37567440.0,20000000.0,17567440.0,1.878372,6.9,John Milius,William Smith,113065,0,0,4,1
1996.0,241688385.0,92000000.0,149688385.0,2.6270476630434785,6.3,Jan de Bont,Philip Seymour Hoffman,144053,0,1,3,1
2000.0,233630478.0,90000000.0,143630478.0,2.5958942,7.7,Robert Zemeckis,Tom Hanks,394317,23000,1,3,1
1997.0,172620724.0,85000000.0,87620724.0,2.0308320470588237,6.4,Wolfgang Petersen,Harrison Ford,146134,0,0,2,1
2011.0,20315324.0,75000000.0,-54684676.0,0.27087098666666665,5.8,Paul W.S. Anderson,Milla Jovovich,88542,19000,0,0,0
2000.0,66941559.0,85000000.0,-18058441.0,0.7875477529411765,4.8,Kevin Lima,Ioan Gruffudd,26413,372,0,3,1
2006.0,84303558.0,85000000.0,-696442.0,0.9918065647058824,6.2,Roger Allers,Jon Favreau,65270,863,0,2,1
2014.0,150832203.0,85000000.0,65832203.0,1.774496505882353,6.7,Neil Burger,Kate Winslet,341058,49000,0,6,1
2003.0,47592825.0,85000000.0,-37407175.0,0.5599155882352941,6.7,Peter Berg,Dwayne Johnson,82731,0,0,6,1
1993.0,50016394.0,70000000.0,-19983606.0,0.7145199142857143,6.2,John McTiernan,F. Murray Abraham,106528,0,0,4,1
2011.0,46440491.0,100000000.0,-53559509.0,0.46440491,7.1,Sarah Smith,Jim Broadbent,35446,0,0,0,0
2012.0,64933670.0,85000000.0,-20066330.0,0.7639255294117647,5.6,Tarsem Singh,Julia Roberts,70838,18000,0,7,1
2003.0,31111260.0,60000000.0,-28888740.0,0.518521,5.4,Jon Amiel,Glenn Morshower,77029,0,0,6,1
2002.0,153288182.0,84000000.0,69288182.0,1.8248593095238095,4.9,Raja Gosnell,Sarah Michelle Gellar,71424,0,0,9,1
2008.0,80170146.0,85000000.0,-4829854.0,0.9431781882352941,6.1,Doug Liman,Kristen Stewart,243053,0,0,2,1
2008.0,75754670.0,85000000.0,-9245330.0,0.8912314117647059,7.0,Guillermo del Toro,Seth MacFarlane,208422,3000,0,2,1
2010.0,102981571.0,80000000.0,22981571.0,1.2872696375,6.5,Sylvester Stallone,Jason Statham,270226,57000,0,2,1
1996.0,180965237.0,80000000.0,100965237.0,2.2620654625,7.1,Brian De Palma,Tom Cruise,300542,0,0,3,1
2012.0,407999255.0,78000000.0,329999255.0,5.230759679487179,7.3,Gary Ross,Jennifer Lawrence,701607,140000,1,7,1
2006.0,155019340.0,80000000.0,75019340.0,1.93774175,6.8,Tim Johnson,Bruce Willis,127345,0,0,2,1
2002.0,145771527.0,80000000.0,65771527.0,1.8221440875,7.2,Dean DeBlois,Tia Carrere,117212,0,0,9,1
2011.0,133103929.0,75000000.0,58103929.0,1.7747190533333332,4.4,Mike Mitchell,Amy Poehler,22838,0,0,0,0
2008.0,130313314.0,80000000.0,50313314.0,1.628916425,6.5,Peter Segal,Bill Murray,168172,0,0,2,1
2005.0,128200012.0,75000000.0,53200012.0,1.7093334933333333,6.3,Chris Wedge,Jim Broadbent,103022,0,0,5,1
2003.0,95632614.0,79000000.0,16632614.0,1.210539417721519,7.2,Anthony Minghella,Philip Seymour Hoffman,118483,0,0,6,1
2010.0,94822707.0,80000000.0,14822707.0,1.1852838375,6.9,Albert Hughes,Denzel Washington,227072,20000,0,2,1
1996.0,90443603.0,80000000.0,10443603.0,1.1305450375,6.3,Joe Pytka,Bill Murray,112167,0,0,3,1
2006.0,82226474.0,65000000.0,17226474.0,1.265022676923077,5.6,Shawn Levy,Roger Rees,65499,0,0,2,1
1998.0,74329966.0,70000000.0,4329966.0,1.0618566571428572,5.7,Ivan Reitman,Harrison Ford,60910,0,0,1,0
2010.0,100169068.0,80000000.0,20169068.0,1.25211335,4.6,Eric Brevig,Justin Timberlake,16385,0,0,2,1
2002.0,73215310.0,80000000.0,-6784690.0,0.915191375,7.0,Kelly Asbury,Matt Damon,44143,4000,0,9,1
1998.0,69102910.0,80000000.0,-10897090.0,0.863786375,5.1,Stephen Hopkins,Gary Oldman,58402,0,0,1,0
2002.0,56684819.0,80000000.0,-23315181.0,0.7085602375,5.9,Simon Wells,Mark Addy,103787,3000,0,9,1
1998.0,50628009.0,90000000.0,-39371991.0,0.5625334333333334,5.6,Ron Underwood,Charlize Theron,22955,0,0,1,0
2005.0,45356386.0,75000000.0,-29643614.0,0.6047518133333334,5.9,Martin Campbell,Michael Emerson,71574,951,0,5,1
2005.0,37899638.0,88000000.0,-50100362.0,0.43067770454545456,5.9,Terry Gilliam,Matt Damon,98472,0,0,5,1
1997.0,27779888.0,43300000.0,-15520112.0,0.6415678521939954,6.9,Lee Tamahori,Anthony Hopkins,55913,0,0,2,1
1996.0,32885565.0,80000000.0,-47114435.0,0.4110695625,5.8,Rob Cohen,Sylvester Stallone,53132,0,0,3,1
2013.0,36073232.0,80000000.0,-43926768.0,0.4509154,5.2,Barry Cook,Charlie Rowe,8913,0,0,4,1
2000.0,21471685.0,44000000.0,-22528315.0,0.4879928409090909,2.4,Roger Christian,Richard Tyson,65464,0,0,3,1
2003.0,20950820.0,80000000.0,-59049180.0,0.26188525,5.7,Joe Dante,Brendan Fraser,24183,665,0,6,1
2003.0,19480739.0,80000000.0,-60519261.0,0.2435092375,5.6,Richard Donner,Paul Walker,53057,0,0,6,1
1997.0,17593391.0,80000000.0,-62406609.0,0.2199173875,6.0,Kevin Costner,Olivia Williams,56403,0,0,2,1
1998.0,18318000.0,80000000.0,-61682000.0,0.228975,5.8,George Miller,Adam Goldberg,24868,964,0,1,0
2015.0,27356090.0,90000000.0,-62643910.0,0.30395655555555556,6.0,Breck Eisner,Vin Diesel,58752,21000,0,1,0
2006.0,15131330.0,86000000.0,-70868670.0,0.17594569767441862,6.0,Luc Besson,Mia Farrow,25843,941,0,2,1
2005.0,1891821.0,52000000.0,-50108179.0,0.036381173076923075,4.2,Peter Hyams,David Oyelowo,16474,785,0,5,1
2014.0,23219748.0,80000000.0,-56780252.0,0.29024685,5.6,Paul W.S. Anderson,Sasha Roiz,84508,20000,0,6,1
1994.0,422783777.0,45000000.0,377783777.0,9.395195044444444,8.5,Roger Allers,Matthew Broderick,644348,17000,1,2,1
2012.0,103812241.0,79000000.0,24812241.0,1.314079,5.8,Brad Peyton,Josh Hutcherson,67296,0,0,7,1
2004.0,67286731.0,100000000.0,-32713269.0,0.67286731,6.7,Joe Johnston,J.K. Simmons,67856,0,0,5,1
2015.0,1339152.0,81200000.0,-79860848.0,0.016492019704433498,7.8,Mark Osborne,Jeff Bridges,28276,31000,0,1,0
2000.0,26000610.0,76000000.0,-49999390.0,0.3421132894736842,4.1,Des McAnuff,Robert De Niro,16611,413,0,3,1
2003.0,66462600.0,78000000.0,-11537400.0,0.8520846153846153,5.8,Stephen Norrington,Jason Flemyng,141533,0,0,6,1
1996.0,306124059.0,75000000.0,231124059.0,4.08165412,6.9,Roland Emmerich,Will Smith,430055,16000,1,3,1
1997.0,229074524.0,73000000.0,156074524.0,3.1380071780821917,6.5,Steven Spielberg,Ariana Richards,278362,0,1,2,1
2005.0,193136719.0,75000000.0,118136719.0,2.575156253333333,6.9,Eric Darnell,Jada Pinkett Smith,266636,0,1,5,1
2000.0,157299717.0,75000000.0,82299717.0,2.09732956,7.4,Bryan Singer,Hugh Jackman,452928,0,0,3,1
1996.0,134006721.0,75000000.0,59006721.0,1.78675628,7.4,Michael Bay,Nicolas Cage,259492,51000,0,3,1
2006.0,195329763.0,80000000.0,115329763.0,2.4416220375,6.9,Carlos Saldanha,Denis Leary,194249,0,1,2,1
1999.0,97360069.0,75000000.0,22360069.0,1.2981342533333333,4.1,David Kellogg,Matthew Broderick,36491,509,0,4,1
2000.0,68473360.0,75000000.0,-6526640.0,0.9129781333333333,5.9,Martin Campbell,Nicholas Lea,49536,0,0,3,1
2004.0,160762022.0,75000000.0,85762022.0,2.143493626666667,6.0,Bibo Bergeron,Robert De Niro,132415,0,0,5,1
2015.0,45434443.0,75000000.0,-29565557.0,0.6057925733333334,7.3,Guy Ritchie,Henry Cavill,175960,43000,0,1,0
1995.0,37600435.0,55000000.0,-17399565.0,0.6836442727272727,5.9,Jerry Zucker,Julia Ormond,55350,0,0,6,1
2000.0,22751979.0,75000000.0,-52248021.0,0.30335972,6.6,Don Bluth,Matt Damon,52244,0,0,3,1
2004.0,21009180.0,45000000.0,-23990820.0,0.46687066666666666,6.1,John Moore,Dennis Quaid,45815,1000,0,5,1
2008.0,70224196.0,70000000.0,224196.0,1.0032028,5.6,Andy Tennant,Matthew McConaughey,59352,0,0,2,1
2007.0,183132370.0,75000000.0,108132370.0,2.4417649333333333,7.4,David Silverman,Albert Brooks,259083,0,1,4,1
2004.0,18947630.0,59660000.0,-40712370.0,0.31759353000335233,7.1,Jean-Jacques Annaud,David Gant,11798,2000,0,5,1
2004.0,436471036.0,150000000.0,286471036.0,2.9098069066666667,7.2,Andrew Adamson,Rupert Everett,314630,0,1,5,1
2006.0,244052771.0,120000000.0,124052771.0,2.0337730916666668,7.2,John Lasseter,John Ratzenberger,263853,0,0,2,1
2002.0,141204016.0,70000000.0,71204016.0,2.0172002285714288,5.8,Rob Cohen,Vin Diesel,142569,10000,0,9,1
2015.0,162495848.0,74000000.0,88495848.0,2.195889837837838,6.0,Paul Tibbitt,Tim Conway,34359,16000,0,1,0
2009.0,120523073.0,75000000.0,45523073.0,1.6069743066666666,8.3,Quentin Tarantino,Michael Fassbender,885175,42000,0,2,1
1991.0,119654900.0,70000000.0,49654900.0,1.7093557142857143,6.7,Steven Spielberg,Robin Williams,182802,13000,0,4,1
2014.0,72660029.0,100000000.0,-27339971.0,0.72660029,6.0,Brett Ratner,Dwayne Johnson,115687,21000,0,6,1
2003.0,116643346.0,80000000.0,36643346.0,1.458041825,6.0,Clark Johnson,Jeremy Renner,119807,0,0,6,1
1998.0,70117571.0,58000000.0,12117571.0,1.2089236379310344,6.4,Jonathan Frakes,LeVar Burton,56741,1000,0,1,0
2003.0,66257002.0,70000000.0,-3742998.0,0.9465286,8.0,Tim Burton,Steve Buscemi,350698,26000,0,6,1
1989.0,54222000.0,69500000.0,-15278000.0,0.7801726618705036,7.6,James Cameron,Michael Biehn,131217,0,0,4,1
2007.0,38345403.0,70000000.0,-31654597.0,0.5477914714285714,7.7,Matthew Vaughn,Henry Cavill,212085,15000,0,4,1
1997.0,37901509.0,70000000.0,-32098491.0,0.5414501285714286,7.0,Jean-Jacques Annaud,Brad Pitt,96385,0,0,2,1
2002.0,30157016.0,70000000.0,-39842984.0,0.43081451428571427,5.6,Joel Schumacher,Anthony Hopkins,39659,792,0,9,1
2005.0,28031250.0,60000000.0,-31968750.0,0.4671875,5.2,Andrzej Bartkowiak,Dwayne Johnson,88146,0,0,5,1
2002.0,33105600.0,70000000.0,-36894400.0,0.47293714285714283,5.4,Betty Thomas,Gary Cole,41663,531,0,9,1
2001.0,13596911.0,70000000.0,-56403089.0,0.1942415857142857,6.2,Bobby Farrelly,Ron Howard,25572,2000,0,7,1
2013.0,8460990.0,70000000.0,-61539010.0,0.12087128571428571,5.6,Will Finn,Lea Michele,5116,5000,0,4,1
2004.0,37760080.0,70000000.0,-32239920.0,0.5394297142857143,6.1,Kerry Conran,Angelina Jolie Pitt,72868,0,0,5,1
2014.0,18821279.0,70000000.0,-51178721.0,0.26887541428571426,4.2,Renny Harlin,Roxanne McKee,44891,12000,0,6,1
2010.0,300523113.0,68000000.0,232523113.0,4.419457544117647,4.9,David Slade,Robert Pattinson,184637,29000,0,2,1
2009.0,617840.0,70000000.0,-69382160.0,0.008826285714285714,7.2,Alejandro Amenábar,Max Minghella,52496,29000,0,2,1
2007.0,5932060.0,35000000.0,-29067940.0,0.16948742857142857,5.4,Doug Lefler,Colin Firth,29285,0,0,4,1
2002.0,176387405.0,59000000.0,117387405.0,2.989617033898305,7.6,Chris Wedge,Goran Visnjic,328159,3000,1,9,1
1995.0,172071312.0,62000000.0,110071312.0,2.775343741935484,7.6,Ron Howard,Tom Hanks,208817,5000,1,6,1
1998.0,93771072.0,65000000.0,28771072.0,1.4426318769230768,6.7,Martin Campbell,Anthony Hopkins,135404,0,0,1,0
2000.0,90454043.0,65000000.0,25454043.0,1.3916006615384615,6.4,Clint Eastwood,Clint Eastwood,60165,0,0,3,1
1993.0,84049211.0,70000000.0,14049211.0,1.2007030142857142,6.4,Renny Harlin,Sylvester Stallone,96096,0,0,4,1
2004.0,52397389.0,65000000.0,-12602611.0,0.8061136769230769,5.9,David S. Goyer,Ryan Reynolds,132954,0,0,5,1
2005.0,28045540.0,65000000.0,-36954460.0,0.43146984615384615,6.1,Jon Favreau,Kristen Stewart,67707,0,0,5,1
1991.0,17218080.0,70000000.0,-52781920.0,0.24597257142857143,5.7,Michael Lehmann,Bruce Willis,43376,0,0,4,1
2015.0,43247140.0,55000000.0,-11752860.0,0.7863116363636363,7.1,Baltasar Kormákur,Michael Kelly,134625,40000,0,1,0
1993.0,356784000.0,63000000.0,293784000.0,5.663238095238095,8.1,Steven Spielberg,Wayne Knight,613473,19000,1,4,1
1994.0,25052000.0,63000000.0,-37948000.0,0.39765079365079364,6.6,Lawrence Kasdan,Dennis Quaid,35314,0,0,2,1
2015.0,72413.0,65000000.0,-64927587.0,0.0011140461538461537,6.1,Daniel Lee,Si Won Choi,11584,0,0,1,0
2011.0,108012170.0,63000000.0,45012170.0,1.7144788888888889,5.5,Tim Hill,Gary Cole,24089,0,0,0,0
2007.0,168000000.0,253600000.0,-85600000.0,0.6624605678233438,5.9,Walt Becker,Jill Hennessy,99989,0,0,4,1
2005.0,135381507.0,150000000.0,-14618493.0,0.90254338,5.8,Mark Dindal,Catherine O'Hara,63912,912,0,5,1
1995.0,106635996.0,58000000.0,48635996.0,1.8385516551724137,7.2,Martin Campbell,Izabella Scorupco,199025,0,0,6,1
1998.0,101217900.0,70000000.0,31217900.0,1.44597,7.0,Brenda Chapman,Martin Short,91093,0,0,1,0
1998.0,90646554.0,105000000.0,-14353446.0,0.8633005142857143,6.6,Eric Darnell,Sylvester Stallone,124641,0,0,1,0
2005.0,82569532.0,60000000.0,22569532.0,1.3761588666666666,5.4,Adam Shankman,Taylor Lautner,42737,781,0,5,1
2002.0,90341670.0,60000000.0,30341670.0,1.5056945,5.5,Chuck Russell,Dwayne Johnson,102129,0,0,9,1
2003.0,66734992.0,60000000.0,6734992.0,1.1122498666666667,4.4,David McNally,Estella Warren,23476,858,0,6,1
2012.0,55994557.0,60000000.0,-4005443.0,0.9332426166666666,7.0,Chris Butler,Anna Kendrick,72287,12000,0,7,1
1997.0,54910560.0,60000000.0,-5089440.0,0.915176,6.3,Michael Caton-Jones,J.K. Simmons,88225,0,0,2,1
2008.0,50818750.0,60000000.0,-9181250.0,0.8469791666666666,6.1,Sam Fell,Emma Watson,31209,0,0,2,1
2014.0,50807639.0,60000000.0,-9192361.0,0.8467939833333333,6.8,Graham Annable,Isaac Hempstead Wright,40883,11000,0,6,1
2014.0,257756197.0,60000000.0,197756197.0,4.295936616666666,7.8,Phil Lord,Morgan Freeman,246698,64000,1,6,1
2002.0,43060566.0,60000000.0,-16939434.0,0.7176761,6.2,Rob Bowman,Christian Bale,107859,0,0,9,1
2009.0,43337279.0,60000000.0,-16662721.0,0.7222879833333333,4.9,Harold Ramis,Olivia Wilde,76770,0,0,2,1
2009.0,42194060.0,70000000.0,-27805940.0,0.6027722857142858,6.1,Jorge Blanco,Dwayne Johnson,41259,0,0,2,1
2002.0,43119879.0,60000000.0,-16880121.0,0.71866465,6.4,Stuart Baird,Tom Hardy,58450,0,0,9,1
2000.0,32522352.0,60000000.0,-27477648.0,0.5420392,7.9,Cameron Crowe,Philip Seymour Hoffman,207287,15000,0,3,1
2005.0,26082914.0,87000000.0,-60917086.0,0.2998036091954023,4.3,Lee Tamahori,Sunny Mabrey,51349,0,0,5,1
2003.0,26288320.0,60000000.0,-33711680.0,0.4381386666666667,6.7,Patrick Gilmore,Brad Pitt,36144,880,0,6,1
2012.0,623279547.0,220000000.0,403279547.0,2.83308885,8.1,Joss Whedon,Chris Hemsworth,995415,123000,1,7,1
2006.0,13082288.0,60000000.0,-46917712.0,0.21803813333333333,6.6,Tony Bill,James Franco,35565,2000,0,2,1
2008.0,11802056.0,60000000.0,-48197944.0,0.19670093333333333,4.9,Brian Robbins,Marc Blucas,31640,791,0,2,1
2008.0,17281832.0,60000000.0,-42718168.0,0.28803053333333334,6.1,Iain Softley,Brendan Fraser,60232,0,0,2,1
2007.0,4535117.0,60000000.0,-55464883.0,0.07558528333333334,3.8,Uwe Boll,Jason Statham,38398,0,0,4,1
2003.0,4426297.0,35000000.0,-30573703.0,0.12646562857142857,6.5,Martin Campbell,Angelina Jolie Pitt,22570,0,0,6,1
2016.0,194000000.0,68005000.0,125995000.0,2.8527314168075875,6.0,Pou-Soi Cheang,Li Gong,1212,426,1,3,1
2016.0,363024263.0,58000000.0,305024263.0,6.2590390172413795,8.1,Tim Miller,Ryan Reynolds,479047,117000,1,3,1
2015.0,80021740.0,58000000.0,22021740.0,1.379685172413793,6.4,Rob Letterman,Odeya Rush,47968,35000,0,1,0
1988.0,53715611.0,63000000.0,-9284389.0,0.852628746031746,5.7,Peter MacDonald,Sylvester Stallone,92106,2000,0,2,1
2010.0,60128566.0,60000000.0,128566.0,1.0021427666666667,5.9,Paul W.S. Anderson,Milla Jovovich,131447,19000,0,2,1
2012.0,49875589.0,58000000.0,-8124411.0,0.859923948275862,5.9,Anthony Hemingway,David Oyelowo,28807,0,0,7,1
1996.0,51317350.0,57000000.0,-5682650.0,0.9003043859649122,6.4,Rob Cohen,Dennis Quaid,78343,0,0,3,1
1995.0,141600000.0,55000000.0,86600000.0,2.5745454545454547,6.6,Mike Gabriel,Christian Bale,119675,0,1,6,1
1978.0,134218018.0,55000000.0,79218018.0,2.4403276,7.3,Richard Donner,Marlon Brando,126357,0,1,2,1
1997.0,105263257.0,55000000.0,50263257.0,1.9138774,5.4,Sam Weisman,Brendan Fraser,56168,5000,0,2,1
2000.0,56932305.0,55000000.0,1932305.0,1.0351328181818182,6.6,Tom Dey,Xander Berkeley,96690,0,0,3,1
1996.0,68750000.0,55000000.0,13750000.0,1.25,6.4,Stuart Baird,Oliver Platt,40858,0,0,3,1
2008.0,25040293.0,55000000.0,-29959707.0,0.45527805454545456,6.6,Rob Minkoff,Jet Li,88049,0,0,2,1
2013.0,55747724.0,55000000.0,747724.0,1.0135949818181818,5.9,Jimmy Hayward,Amy Poehler,18042,0,0,4,1
1998.0,41609593.0,55000000.0,-13390407.0,0.7565380545454545,7.3,John Frankenheimer,Robert De Niro,145422,0,0,1,0
1996.0,38553833.0,55000000.0,-16446167.0,0.7009787818181819,6.8,Stephen Hopkins,Tom Wilkinson,46239,0,0,3,1
2012.0,31051126.0,55000000.0,-23948874.0,0.5645659272727273,6.7,Peter Lord,Salma Hayek,36877,0,0,7,1
2014.0,51178893.0,50000000.0,1178893.0,1.02357786,6.4,James Bobin,Ty Burrell,24285,10000,0,6,1
2004.0,6768055.0,57000000.0,-50231945.0,0.11873780701754386,4.2,Jonathan Frakes,Sophia Myles,11148,437,0,5,1
1980.0,108200000.0,54000000.0,54200000.0,2.0037037037037035,6.8,Richard Lester,Margot Kidder,76331,0,0,1,0
1997.0,58297830.0,50000000.0,8297830.0,1.1659566,7.1,Don Bluth,Kirsten Dunst,86347,0,0,2,1
2005.0,80270227.0,50000000.0,30270227.0,1.60540454,5.1,Jay Chandrasekhar,Alice Greczyn,66382,0,0,5,1
2009.0,296623634.0,50000000.0,246623634.0,5.93247268,4.6,Chris Weitz,Robert Pattinson,220758,13000,0,2,1
2001.0,267652016.0,60000000.0,207652016.0,4.4608669333333335,7.9,Andrew Adamson,Kathleen Freeman,467113,0,1,7,1
1991.0,165500000.0,48000000.0,117500000.0,3.4479166666666665,6.9,Kevin Reynolds,Alan Rickman,145257,0,1,4,1
2014.0,127997349.0,50000000.0,77997349.0,2.55994698,6.0,Rob Marshall,Johnny Depp,101178,90000,1,6,1
1995.0,81022333.0,50000000.0,31022333.0,1.62044666,5.0,Frank Marshall,Dylan Walsh,34471,0,0,6,1
2009.0,67128202.0,65000000.0,2128202.0,1.0327415692307693,5.7,Andy Fickman,Dwayne Johnson,43328,0,0,2,1
2003.0,60470220.0,50000000.0,10470220.0,1.2094044,6.2,David Dobkin,Fann Wong,81444,955,0,6,1
2006.0,58336565.0,50000000.0,8336565.0,1.1667313,6.6,Matthew O'Callaghan,Will Ferrell,12845,624,0,2,1
2005.0,66002004.0,50000000.0,16002004.0,1.32004008,4.7,Angela Robinson,Scoot McNairy,36431,1000,0,5,1
2011.0,55092830.0,60000000.0,-4907170.0,0.9182138333333333,6.1,D.J. Caruso,Alex Pettyfer,195043,27000,0,0,0
2014.0,50150619.0,50000000.0,150619.0,1.00301238,7.3,Jorge R. Gutiérrez,Channing Tatum,45580,18000,0,6,1
2006.0,46982632.0,50000000.0,-3017368.0,0.93965264,6.6,Christophe Gans,Radha Mitchell,172792,0,0,2,1
1994.0,38590500.0,50000000.0,-11409500.0,0.77181,4.4,Steven Seagal,Mike Starr,17997,812,0,2,1
2005.0,39177541.0,50000000.0,-10822459.0,0.78355082,3.5,Robert Rodriguez,Taylor Lautner,20310,0,0,5,1
2000.0,39778599.0,50000000.0,-10221401.0,0.79557198,6.6,Danny Boyle,Leonardo DiCaprio,176169,0,0,3,1
2013.0,26616999.0,40000000.0,-13383001.0,0.665424975,5.9,Andrew Niccol,J.D. Evermore,92461,43000,0,4,1
1996.0,25407250.0,50000000.0,-24592750.0,0.508145,5.7,John Carpenter,Steve Buscemi,54021,0,0,3,1
1999.0,23159305.0,70000000.0,-46840695.0,0.3308472142857143,8.0,Brad Bird,Vin Diesel,128455,0,0,4,1
2004.0,24006726.0,50000000.0,-25993274.0,0.48013452,7.3,Wes Anderson,Bill Murray,139535,0,0,5,1
2005.0,18472363.0,50000000.0,-31527637.0,0.36944726,5.8,John Stockwell,Paul Walker,63599,0,0,5,1
1999.0,14131298.0,390000000.0,-375868702.0,0.036234097435897436,6.4,Luc Besson,Paul Brooke,55889,0,0,4,1
2011.0,21557240.0,49900000.0,-28342760.0,0.43200881763527055,5.6,David Gordon Green,Natalie Portman,85237,18000,0,0,0
1994.0,16671505.0,50000000.0,-33328495.0,0.3334301,5.9,Patrick Read Johnson,Joe Mantegna,33186,0,0,2,1
1990.0,21413502.0,40000000.0,-18586498.0,0.53533755,6.3,Renny Harlin,Lauren Holly,14429,2000,0,3,1
1989.0,197171806.0,48000000.0,149171806.0,4.107745958333333,8.3,Steven Spielberg,Harrison Ford,515306,0,1,4,1
1999.0,60652036.0,48000000.0,12652036.0,1.2635840833333334,7.1,David O. Russell,Judy Greer,137854,3000,0,4,1
2001.0,56607223.0,48000000.0,8607223.0,1.1793171458333334,6.4,Jerry Zucker,Corinna Harney,93367,0,0,7,1
2007.0,53574088.0,55000000.0,-1425912.0,0.9740743272727272,7.8,James Mangold,Christian Bale,237872,0,0,4,1
1982.0,125500000.0,14000000.0,111500000.0,8.964285714285714,7.7,Ted Kotcheff,Sylvester Stallone,172489,0,1,4,1
2006.0,15519841.0,47000000.0,-31480159.0,0.33020938297872343,4.5,Paul Bolger,Sarah Michelle Gellar,8693,261,0,2,1
1996.0,92001027.0,45000000.0,47001027.0,2.0444672666666666,7.6,Jonathan Frakes,LeVar Burton,97838,3000,0,3,1
2008.0,101702060.0,45000000.0,56702060.0,2.2600457777777776,5.8,Eric Brevig,Josh Hutcherson,85323,0,0,2,1
2007.0,93452056.0,45000000.0,48452056.0,2.0767123555555553,7.4,Rob Reiner,Morgan Freeman,184795,22000,0,4,1
1999.0,71423726.0,45000000.0,26423726.0,1.587193911111111,7.3,Dean Parisot,Alan Rickman,123558,19000,0,4,1
2011.0,88625922.0,45000000.0,43625922.0,1.9694649333333334,7.1,James Bobin,Bill Cobbs,75176,26000,0,0,0
1997.0,65557989.0,45000000.0,20557989.0,1.4568442,4.6,Luis Llosa,Frank Welker,73539,0,0,2,1
1998.0,162792677.0,120000000.0,42792677.0,1.3566056416666668,7.2,John Lasseter,Kevin Spacey,211226,0,0,1,0
2005.0,51019112.0,50000000.0,1019112.0,1.02038224,6.8,Garth Jennings,Zooey Deschanel,155745,10000,0,5,1
2006.0,38360195.0,45000000.0,-6639805.0,0.8524487777777778,6.4,Wayne Wang,LL Cool J,21215,0,0,2,1
1994.0,46815748.0,45000000.0,1815748.0,1.0403499555555555,6.3,Curtis Hanson,Meryl Streep,32544,0,0,2,1
2003.0,27972410.0,35000000.0,-7027590.0,0.7992117142857142,6.1,Peter Howitt,Kevin McNally,114692,2000,0,6,1
2006.0,28133159.0,50000000.0,-21866841.0,0.56266318,5.9,John A. Davis,Nicolas Cage,30055,593,0,2,1
1984.0,27400000.0,40000000.0,-12600000.0,0.685,6.6,David Lynch,Virginia Madsen,97087,11000,0,3,1
2008.0,22531698.0,70000000.0,-47468302.0,0.3218814,5.6,Mathieu Kassovitz,Vin Diesel,81523,0,0,2,1
2009.0,25200412.0,45000000.0,-19799588.0,0.5600091555555555,5.4,John Schultz,Malese Jow,16580,916,0,2,1
1996.0,17300889.0,45000000.0,-27699111.0,0.3844642,4.9,Simon Wincer,Cary-Hiroyuki Tagawa,27648,0,0,3,1
1998.0,11146409.0,45000000.0,-33853591.0,0.24769797777777777,6.0,Stephen Sommers,Djimon Hounsou,26551,0,0,1,0
2011.0,8129455.0,45000000.0,-36870545.0,0.18065455555555557,6.3,Oliver Parker,Daniel Kaluuya,89568,17000,0,0,0
1993.0,183875760.0,44000000.0,139875760.0,4.178994545454546,7.8,Andrew Davis,Harrison Ford,213668,0,1,4,1
1985.0,150415432.0,44000000.0,106415432.0,3.4185325454545454,6.4,George P. Cosmatos,Sylvester Stallone,117606,0,1,4,1
1980.0,1500000.0,44000000.0,-42500000.0,0.03409090909090909,6.8,Michael Cimino,Jeff Bridges,9830,1000,0,1,0
2006.0,62318875.0,50000000.0,12318875.0,1.2463775,6.8,Len Wiseman,Sophia Myles,156225,0,0,2,1
2000.0,106793915.0,45000000.0,61793915.0,2.373198111111111,7.0,Peter Lord,Imelda Staunton,140499,0,0,3,1
1989.0,34667015.0,32000000.0,2667015.0,1.08334421875,6.6,John Glen,Robert Davi,74009,0,0,4,1
1993.0,20915465.0,42000000.0,-21084535.0,0.4979872619047619,4.0,Annabel Jankel,Bob Hoskins,38203,0,0,4,1
2002.0,84961.0,31000000.0,-30915039.0,0.0027406774193548386,7.9,Yimou Zhang,Jet Li,149414,0,0,9,1
2015.0,0.0,0.0,0.0,,4.9,Jamel Debbouze,Jamel Debbouze,590,161,0,1,0
2001.0,56083966.0,65000000.0,-8916034.0,0.8628302461538462,6.9,Brian Helgeland,Heath Ledger,137003,0,0,7,1
1989.0,118500000.0,40000000.0,78500000.0,2.9625,7.8,Robert Zemeckis,Lea Thompson,340085,12000,1,4,1
2003.0,111760631.0,38000000.0,73760631.0,2.941069236842105,4.1,Robert Rodriguez,Sylvester Stallone,40227,681,0,6,1
1990.0,87666629.0,40000000.0,47666629.0,2.191665725,7.4,Robert Zemeckis,Lea Thompson,283480,0,0,3,1
2006.0,81593527.0,40000000.0,41593527.0,2.039838175,7.3,Frank Marshall,Paul Walker,48806,11000,0,2,1
1992.0,72455275.0,40000000.0,32455275.0,1.811381875,7.8,Michael Mann,Wes Studi,113068,0,0,2,1
2001.0,66808615.0,34000000.0,32808615.0,1.9649592647058824,6.1,Gore Verbinski,J.K. Simmons,87351,2000,0,7,1
1998.0,53955614.0,40000000.0,13955614.0,1.34889035,6.1,Joe Dante,Kirsten Dunst,77415,0,0,1,0
2002.0,54228104.0,35000000.0,19228104.0,1.5493744,7.7,Kevin Reynolds,Henry Cavill,104991,0,0,9,1
2013.0,57011847.0,40000000.0,17011847.0,1.425296175,5.9,Cal Brunker,Brendan Fraser,20615,0,0,4,1
2006.0,50859889.0,40000000.0,10859889.0,1.271497225,7.8,Mel Gibson,Rudy Youngblood,236000,14000,0,2,1
1987.0,51185897.0,30000000.0,21185897.0,1.7061965666666667,6.7,John Glen,Joe Don Baker,69457,0,0,0,0
2010.0,52000688.0,40000000.0,12000688.0,1.3000172,6.4,Nimród Antal,Topher Grace,171418,17000,0,2,1
1992.0,45500797.0,40000000.0,5500797.0,1.137519925,6.0,John McTiernan,Lorraine Bracco,17443,694,0,2,1
2011.0,37371385.0,40000000.0,-2628615.0,0.934284625,7.0,Greg Mottola,Bobby Lee,192462,42000,0,0,0
1994.0,32055248.0,25000000.0,7055248.0,1.28220992,6.0,Russell Mulcahy,Jonathan Winters,18723,0,0,2,1
2011.0,31836745.0,40000000.0,-8163255.0,0.795918625,6.9,Stephen Daldry,Tom Hanks,81298,39000,0,0,0
2000.0,30199105.0,40000000.0,-9800895.0,0.754977625,5.7,Christian Duguay,Michael Biehn,25346,470,0,3,1
2001.0,27053815.0,40000000.0,-12946185.0,0.676345375,4.7,Peter Hyams,Catherine Deneuve,12856,299,0,7,1
1998.0,22717758.0,40000000.0,-17282242.0,0.56794395,6.2,Frederik Du Chau,Gary Oldman,11156,0,0,1,0
1987.0,14375181.0,51000000.0,-36624819.0,0.2818662941176471,4.2,Elaine May,Carol Kane,8692,754,0,0,0
2009.0,20999103.0,40000000.0,-19000897.0,0.524977575,7.8,Wes Anderson,Bill Murray,139114,15000,0,2,1
2009.0,13838130.0,40000000.0,-26161870.0,0.34595325,5.9,Paul Weitz,Josh Hutcherson,35990,0,0,2,1
1980.0,7000000.0,36000000.0,-29000000.0,0.19444444444444445,4.7,Jerry Jameson,M. Emmet Walsh,2933,328,0,1,0
2002.0,4835968.0,40000000.0,-35164032.0,0.1208992,4.5,Christian Duguay,Rufus Sewell,4821,158,0,9,1
2007.0,3675072.0,26000000.0,-22324928.0,0.14134892307692307,7.3,Danny Boyle,Chris Evans,190132,15000,0,4,1
2008.0,511920.0,40000000.0,-39488080.0,0.012798,4.4,Marc F. Adler,Eric Idle,2458,211,0,2,1
2006.0,652526.0,40000000.0,-39347474.0,0.01631315,5.1,Geoffrey Sax,Alex Pettyfer,20201,823,0,2,1
2007.0,876671.0,25000000.0,-24123329.0,0.03506684,6.9,Richard Shepard,James Brolin,22010,0,0,4,1
2011.0,27000000.0,25000000.0,2000000.0,1.08,6.8,Bibo Bergeron,Adam Goldberg,15790,0,0,0,0
2015.0,6498000.0,18026148.0,-11528148.0,0.3604763480251022,8.4,S.S. Rajamouli,Tamannaah Bhatia,62756,21000,0,1,0
2005.0,25335935.0,40000000.0,-14664065.0,0.633398375,8.0,Joss Whedon,Adam Baldwin,242599,14000,0,5,1
2008.0,626809.0,553632000.0,-553005191.0,0.0011321762470377435,7.4,John Woo,Takeshi Kaneshiro,36894,0,0,2,1
2002.0,85570368.0,38000000.0,47570368.0,2.251851789473684,5.1,Robert Rodriguez,Steve Buscemi,44885,478,0,9,1
1994.0,75668868.0,35000000.0,40668868.0,2.161967657142857,6.6,David Carson,LeVar Burton,60504,0,0,2,1
2014.0,9800000.0,40000000.0,-30200000.0,0.245,6.4,Yuefeng Song,Blythe Auffarth,2169,0,0,6,1
1996.0,10300000.0,38000000.0,-27700000.0,0.2710526315789474,6.6,Ridley Scott,Jeff Bridges,17859,911,0,3,1
2001.0,623374.0,38000000.0,-37376626.0,0.01640457894736842,5.2,Steve Miner,Tom Skerritt,4757,474,0,7,1
2008.0,7871693.0,55000000.0,-47128307.0,0.1431216909090909,6.5,Gil Kenan,Bill Murray,52908,0,0,2,1
2007.0,0.0,38000000.0,-38000000.0,0.0,4.8,David Leland,Hayden Christensen,6691,366,0,4,1
2016.0,34912982.0,38000000.0,-3087018.0,0.9187626842105263,5.2,J Blakeson,Chloë Grace Moretz,55617,14000,0,3,1
2008.0,48006503.0,37000000.0,11006503.0,1.297473054054054,6.0,Jennifer Flackett,Gerard Butler,28109,0,0,2,1
2009.0,6739000.0,29500000.0,-22761000.0,0.2284406779661017,5.3,Fedor Bondarchuk,Yuliya Snigir,4387,240,0,2,1
1983.0,55500000.0,36000000.0,19500000.0,1.5416666666666667,6.2,Irvin Kershner,Bernie Casey,48636,0,0,3,1
2000.0,23360779.0,34000000.0,-10639221.0,0.6870817352941176,5.7,John Frankenheimer,Charlize Theron,31113,852,0,3,1
2008.0,30105968.0,37000000.0,-6894032.0,0.8136748108108108,4.5,Kirk De Micco,Cheryl Hines,8860,279,0,2,1
1999.0,205399422.0,33000000.0,172399422.0,6.224224909090909,6.6,Jay Roach,Muse Watson,181225,0,1,4,1
1989.0,251188924.0,35000000.0,216188924.0,7.1768264,7.6,Tim Burton,Michael Gough,269033,12000,1,4,1
2001.0,112692062.0,35000000.0,77692062.0,3.2197732,5.4,Robert Rodriguez,Alexa PenaVega,84325,0,1,7,1
2010.0,171031347.0,38000000.0,133031347.0,4.500824921052631,7.7,Ethan Coen,Matt Damon,240962,36000,1,2,1
1979.0,82300000.0,35000000.0,47300000.0,2.3514285714285714,6.4,Robert Wise,Leonard Nimoy,63330,0,0,1,0
2005.0,63939454.0,35000000.0,28939454.0,1.826841542857143,6.2,Mike Mitchell,Michael Angarano,61321,0,0,5,1
1998.0,56876365.0,35000000.0,21876365.0,1.625039,6.4,Randall Wallace,Leonardo DiCaprio,125219,0,0,1,0
2007.0,54132596.0,34000000.0,20132596.0,1.5921351764705882,6.3,Kevin Munroe,Chris Evans,53786,0,0,4,1
2009.0,45802315.0,35000000.0,10802315.0,1.3086375714285714,6.6,Patrick Tatopoulos,Craig Parker,119974,0,0,2,1
2001.0,33422806.0,50000000.0,-16577194.0,0.66845612,4.8,Gil Junger,Tom Wilkinson,30771,0,0,7,1
1994.0,33423521.0,35000000.0,-1576479.0,0.9549577428571429,3.8,Steven E. de Souza,Ming-Na Wen,53115,0,0,2,1
1980.0,27177000.0,20000000.0,7177000.0,1.35885,6.4,Mike Hodges,Brian Blessed,38017,12000,0,1,0
2005.0,19447478.0,35000000.0,-15552522.0,0.5556422285714285,5.6,Gary Chapman,Jim Broadbent,15788,538,0,5,1
2002.0,18306166.0,35000000.0,-16693834.0,0.5230333142857143,6.5,Shekhar Kapur,Djimon Hounsou,28130,0,0,9,1
1983.0,17000000.0,27000000.0,-10000000.0,0.6296296296296297,6.0,Peter Yates,Liam Neeson,23351,0,0,3,1
2006.0,11631245.0,35000000.0,-23368755.0,0.3323212857142857,4.2,Peter Hewitt,Kevin Zegers,15015,494,0,2,1
2015.0,10137502.0,35000000.0,-24862498.0,0.28964291428571426,7.4,Robert Zemeckis,Joseph Gordon-Levitt,77394,24000,0,1,0
1997.0,6448817.0,35000000.0,-28551183.0,0.18425191428571427,4.6,Ronny Yu,Marley Shelton,2189,0,0,2,1
1995.0,1877179.0,0.0,1877179.0,inf,7.1,Jean-Paul Rappeneau,Olivier Martinez,4885,262,1,6,1
1999.0,11227940.0,34000000.0,-22772060.0,0.3302335294117647,5.2,Hugh Johnson,David Paymer,8367,120,0,4,1
2008.0,15081783.0,34000000.0,-18918217.0,0.44358185294117647,7.7,Hayao Miyazaki,Rumi Hiiragi,85589,0,0,2,1
2000.0,6543194.0,34000000.0,-27456806.0,0.1924468823529412,5.6,Hugh Hudson,Liam Aiken,3740,314,0,3,1
2013.0,4091.0,34000000.0,-33995909.0,0.0001203235294117647,6.3,Jeremy Degruson,Kyle Hebert,4265,0,0,4,1
2011.0,21426805.0,30000000.0,-8573195.0,0.7142268333333334,4.9,Chris Gorak,Max Minghella,49312,0,0,0,0
2006.0,34014398.0,33000000.0,1014398.0,1.0307393333333332,5.6,David R. Ellis,Lin Shaye,115649,4000,0,2,1
1983.0,309125409.0,32500000.0,276625409.0,9.511551046153846,8.4,Richard Marquand,Harrison Ford,681857,14000,1,3,1
2002.0,81150692.0,35000000.0,46150692.0,2.3185912,5.1,Brian Levant,James Coburn,20219,0,0,9,1
1993.0,36733909.0,32000000.0,4733909.0,1.14793465625,7.1,Frank Marshall,Illeana Douglas,38949,0,0,4,1
2013.0,99462.0,33000000.0,-32900538.0,0.003014,7.1,Jean-Pierre Jeunet,Callum Rennie,11347,5000,0,4,1
2004.0,47000000.0,32000000.0,15000000.0,1.46875,5.7,Tom Reeve,Joan Plowright,3088,290,0,5,1
1979.0,62700000.0,34000000.0,28700000.0,1.8441176470588236,6.3,Lewis Gilbert,Desmond Llewelyn,69534,0,0,1,0
2014.0,59073773.0,25000000.0,34073773.0,2.36295092,8.1,Wes Anderson,Bill Murray,475518,149000,0,6,1
2015.0,58879132.0,31000000.0,27879132.0,1.8993268387096773,6.1,John Francis Daley,Chris Hemsworth,66123,28000,0,1,0
1995.0,191796233.0,30000000.0,161796233.0,6.3932077666666665,8.3,John Lasseter,Tom Hanks,623757,0,1,6,1
1994.0,121248145.0,25000000.0,96248145.0,4.8499258,7.2,Jan de Bont,Keanu Reeves,260981,0,1,2,1
1990.0,122012643.0,30000000.0,92012643.0,4.0670881,7.6,John McTiernan,Scott Glenn,143696,0,1,3,1
1995.0,108360000.0,30000000.0,78360000.0,3.612,6.3,Steve Oedekerk,Bruce Spence,160321,0,1,6,1
2004.0,85416609.0,30000000.0,55416609.0,2.8472203,7.0,Stephen Hillenburg,Scarlett Johansson,58906,0,1,5,1
2000.0,76501438.0,30000000.0,46501438.0,2.5500479333333335,6.1,Stig Bergqvist,Elizabeth Daily,8146,181,1,3,1
2004.0,58156435.0,19000000.0,39156435.0,3.060865,5.9,Steven Brill,Antony Starr,37479,0,1,5,1
2014.0,64238770.0,42000000.0,22238770.0,1.5294945238095239,5.8,Peter Lepeniotis,Liam Neeson,19547,0,0,6,1
1989.0,55210049.0,27800000.0,27410049.0,1.9859729856115107,5.4,William Shatner,Leonard Nimoy,43743,0,0,4,1
1985.0,50300000.0,30000000.0,20300000.0,1.6766666666666667,6.3,John Glen,Patrick Macnee,68565,0,0,4,1
2005.0,49186871.0,0.0,49186871.0,inf,5.2,Frederik Du Chau,Bruce Greenwood,12570,771,1,5,1
1997.0,35927406.0,30000000.0,5927406.0,1.1975802,3.7,John R. Leonetti,Brian Thompson,36363,1000,0,2,1
2009.0,31743332.0,30000000.0,1743332.0,1.0581110666666667,7.1,Shane Acker,Martin Landau,111117,13000,0,2,1
2011.0,26687172.0,30000000.0,-3312828.0,0.8895724,7.3,Stephen J. Anderson,Craig Ferguson,15600,0,0,0,0
2011.0,23070045.0,30000000.0,-6929955.0,0.7690015,5.9,Alister Grierson,Ioan Gruffudd,47003,11000,0,0,0
1996.0,17100000.0,25000000.0,-7900000.0,0.684,5.3,Kevin Hooks,Salma Hayek,7073,204,0,3,1
1986.0,16295774.0,35000000.0,-18704226.0,0.4655935428571429,4.6,Willard Huyck,Lea Thompson,33669,0,0,5,1
2005.0,14888028.0,30000000.0,-15111972.0,0.4962676,5.1,Bruce Hunt,Eddie Cibrian,28606,0,0,5,1
1999.0,11576087.0,30000000.0,-18423913.0,0.38586956666666666,4.1,Chris Roberts,Saffron Burrows,14747,858,0,4,1
2009.0,9353573.0,45000000.0,-35646427.0,0.2078571777777778,2.7,James Wong,Ian Whyte,56451,0,0,2,1
2009.0,7689458.0,40000000.0,-32310542.0,0.19223645,6.8,Terry Gilliam,Andrew Garfield,126307,19000,0,2,1
2006.0,480314.0,21000000.0,-20519686.0,0.022872095238095237,4.8,Corey Yuen,Steve Howey,38503,0,0,2,1
2011.0,127437.0,18000000.0,-17872563.0,0.007079833333333333,6.0,Li Zhang,Bingbing Li,4670,0,0,0,0
2015.0,5800000.0,30000000.0,-24200000.0,0.19333333333333333,4.1,Maksim Fadeev,Konstantin Khabenskiy,393,161,0,1,0
2016.0,140700000.0,19000000.0,121700000.0,7.405263157894737,7.5,Greg Tiernan,James Franco,3302,13000,1,3,1
1997.0,22359293.0,29000000.0,-6640707.0,0.7710101034482758,5.8,Peter Hewitt,Jim Broadbent,16222,0,0,2,1
1992.0,217350219.0,28000000.0,189350219.0,7.762507821428572,8.0,Ron Clements,Robin Williams,260939,0,1,2,1
1984.0,179870271.0,28000000.0,151870271.0,6.42393825,7.6,Steven Spielberg,Harrison Ford,329969,0,1,3,1
1998.0,100491683.0,24000000.0,76491683.0,4.187153458333333,5.9,Igor Kovalyov,Elizabeth Daily,14005,418,1,1,0
2013.0,18000000.0,30000000.0,-12000000.0,0.6,6.5,Shinji Aramaki,Shun Oguri,8227,0,0,4,1
1981.0,62300000.0,28000000.0,34300000.0,2.225,6.8,John Glen,Julian Glover,72085,2000,0,3,1
1995.0,31600000.0,28000000.0,3600000.0,1.1285714285714286,6.9,Michael Caton-Jones,Liam Neeson,34427,0,0,6,1
2006.0,0.0,24000000.0,-24000000.0,0.0,6.1,Agustín Díaz Yanes,Viggo Mortensen,10266,0,0,2,1
1983.0,67900000.0,27500000.0,40400000.0,2.4690909090909092,6.6,John Glen,Louis Jourdan,74374,0,1,3,1
1984.0,26400000.0,16000000.0,10400000.0,1.65,7.4,David Lean,Richard Wilson,12980,845,0,3,1
1991.0,74888996.0,30000000.0,44888996.0,2.4962998666666665,7.2,Nicholas Meyer,Leonard Nimoy,55513,0,1,4,1
2016.0,362645141.0,175000000.0,187645141.0,2.0722579485714285,7.8,Jon Favreau,Scarlett Johansson,106221,65000,0,3,1
1983.0,21500000.0,27000000.0,-5500000.0,0.7962962962962963,7.9,Philip Kaufman,Dennis Quaid,45271,0,0,3,1
1984.0,100000000.0,27000000.0,73000000.0,3.7037037037037037,7.4,Wolfgang Petersen,Gerald McRaney,99557,21000,1,3,1
1985.0,11137000.0,25000000.0,-13863000.0,0.44548,6.7,Walter Murch,Piper Laurie,19568,0,0,4,1
2011.0,38536376.0,27000000.0,11536376.0,1.4272731851851852,3.6,Robert Rodriguez,Alexa PenaVega,15866,0,0,0,0
2000.0,45506619.0,26000000.0,19506619.0,1.7502545769230768,7.8,Joel Coen,Holly Hunter,225102,16000,0,3,1
2002.0,36985501.0,26000000.0,10985501.0,1.4225192692307693,5.2,Jonathan Frakes,Michael Biehn,11212,874,0,9,1
2004.0,23222861.0,26000000.0,-2777139.0,0.8931869615384616,4.5,Kevin Allen,Daniel Roebuck,11092,167,0,5,1
1996.0,20047715.0,25530000.0,-5482285.0,0.7852610654132394,5.2,Alan Shapiro,Paul Hogan,8008,504,0,3,1
2004.0,84185387.0,80000000.0,4185387.0,1.0523173375,4.9,Raja Gosnell,Sarah Michelle Gellar,33180,567,0,5,1
2001.0,80920948.0,30000000.0,50920948.0,2.697364933333333,6.0,John A. Davis,Martin Short,23943,425,1,7,1
2008.0,80034302.0,25000000.0,55034302.0,3.20137208,7.0,Matt Reeves,Mike Vogel,296787,0,1,2,1
1991.0,78656813.0,25000000.0,53656813.0,3.14627252,6.0,Michael Pressman,Kevin Nash,42765,0,1,4,1
2007.0,82234139.0,17000000.0,65234139.0,4.837302294117647,7.2,Gabor Csupo,Josh Hutcherson,110390,6000,1,4,1
2011.0,51533608.0,25000000.0,26533608.0,2.06134432,6.8,Joe Carnahan,Liam Neeson,203111,32000,0,0,0
2003.0,47285499.0,26000000.0,21285499.0,1.8186730384615384,5.0,Harald Zwart,Daniel Roebuck,26755,542,0,6,1
1997.0,44455658.0,25000000.0,19455658.0,1.77822632,6.7,Steve Oedekerk,Kelly Preston,36253,0,0,2,1
2002.0,39880476.0,25000000.0,14880476.0,1.59521904,5.2,Cathy Malkasian,Alfre Woodard,12218,187,0,9,1
2003.0,39399750.0,25000000.0,14399750.0,1.57599,5.6,John Eng,Elizabeth Daily,5674,329,0,6,1
2004.0,31526393.0,25000000.0,6526393.0,1.26105572,4.6,Dwight H. Little,Nicholas Gonzalez,22243,686,0,5,1
2001.0,25590119.0,21150000.0,4440119.0,1.2099347044917257,4.8,Simon Wincer,Jere Burns,19699,387,0,7,1
2006.0,16647384.0,26000000.0,-9352616.0,0.640284,5.1,Paul Feig,Tyler James Williams,8398,498,0,2,1
1996.0,15091542.0,25000000.0,-9908458.0,0.60366168,5.3,Steve Barron,Martin Landau,4086,246,0,3,1
1986.0,11100000.0,25000000.0,-13900000.0,0.444,7.3,John Carpenter,Victor Wong,92464,19000,0,5,1
2009.0,56692.0,25000000.0,-24943308.0,0.00226768,7.3,John Hillcoat,Viggo Mortensen,177401,32000,0,2,1
1984.0,5770000.0,25000000.0,-19230000.0,0.2308,4.8,John Guillermin,Tanya Roberts,3334,739,0,3,1
2006.0,34014398.0,33000000.0,1014398.0,1.0307393333333332,5.6,David R. Ellis,Lin Shaye,115650,4000,0,2,1
2005.0,1550000.0,25000000.0,-23450000.0,0.062,2.9,Uwe Boll,Meat Loaf,30628,937,0,5,1
2010.0,0.0,0.0,0.0,,6.1,Ben Stassen,Ed Begley Jr.,5385,0,0,2,1
2009.0,0.0,25000000.0,-25000000.0,0.0,2.9,Jérôme Deschamps,Yolande Moreau,753,90,0,2,1
2010.0,0.0,25000000.0,-25000000.0,0.0,5.2,Inna Evlannikova,Sergey Garmash,891,200,0,2,1
2011.0,5100000.0,25000000.0,-19900000.0,0.204,6.2,Jonathan English,Jason Flemyng,34338,0,0,0,0
2012.0,717753.0,25000000.0,-24282247.0,0.02871012,6.1,Walter Salles,Kristen Stewart,33107,27000,0,7,1
1986.0,109713132.0,25000000.0,84713132.0,4.38852528,7.3,Leonard Nimoy,Leonard Nimoy,61621,0,1,5,1
1999.0,16290976.0,24000000.0,-7709024.0,0.6787906666666667,6.2,Tim Hill,Josh Charles,14637,619,0,4,1
1978.0,13000000.0,24000000.0,-11000000.0,0.5416666666666666,5.2,Sidney Lumet,Lena Horne,10895,0,0,2,1
1993.0,669276.0,28000000.0,-27330724.0,0.023902714285714284,7.2,Richard Williams,Donald Pleasence,2541,408,0,4,1
2004.0,4710455.0,24000000.0,-19289545.0,0.19626895833333333,8.2,Hayao Miyazaki,Christian Bale,214091,13000,0,5,1
2009.0,75590286.0,23600000.0,51990286.0,3.202978220338983,7.7,Ruben Fleischer,Emma Stone,386217,26000,1,2,1
2005.0,218051260.0,207000000.0,11051260.0,1.053387729468599,7.2,Peter Jackson,Naomi Watts,316020,0,0,5,1
1980.0,290158751.0,18000000.0,272158751.0,16.119930611111112,8.8,Irvin Kershner,Harrison Ford,837759,17000,1,1,0
2013.0,4756.0,25000000.0,-24995244.0,0.00019024,5.4,Jonathan Newman,Ioan Gruffudd,4191,0,0,4,1
1987.0,20763013.0,23000000.0,-2236987.0,0.9027396956521739,2.8,Joseph Sargent,Judith Barsi,30840,0,0,0,0
1987.0,38119483.0,22700000.0,15419483.0,1.6792723788546255,7.1,Mel Brooks,Joan Rivers,136667,13000,0,0,0
2005.0,35799026.0,126000000.0,-90200974.0,0.284119253968254,6.9,Michael Bay,Scarlett Johansson,263336,0,0,5,1
2000.0,13555988.0,22000000.0,-8444012.0,0.6161812727272727,5.7,Uli Edel,Richard E. Grant,7242,0,0,3,1
2001.0,5974653.0,22000000.0,-16025347.0,0.27157513636363634,4.1,Brian Trenchard-Smith,Michael Biehn,2253,158,0,7,1
1977.0,0.0,12000000.0,-12000000.0,0.0,7.7,William Friedkin,Roy Scheider,9513,0,0,2,1
1996.0,22294341.0,21500000.0,794341.0,1.036946093023256,6.5,Peter Segal,Wilford Brimley,12278,758,0,3,1
2013.0,0.0,22000000.0,-22000000.0,0.0,6.7,Juan José Campanella,Pablo Rago,6920,0,0,4,1
1982.0,46700000.0,21000000.0,25700000.0,2.223809523809524,5.9,Clint Eastwood,Clint Eastwood,19832,0,0,4,1
1993.0,42660000.0,17000000.0,25660000.0,2.5094117647058822,4.8,Stuart Gillard,Paige Turco,25086,1000,0,4,1
1981.0,242374454.0,18000000.0,224374454.0,13.465247444444444,8.5,Steven Spielberg,Harrison Ford,661017,16000,1,3,1
1992.0,173585516.0,18000000.0,155585516.0,9.643639777777778,6.6,Chris Columbus,Macaulay Culkin,200077,0,1,2,1
1978.0,102922376.0,20000000.0,82922376.0,5.1461188,5.7,Jeannot Szwarc,Roy Scheider,51314,0,1,2,1
2008.0,94497271.0,20000000.0,74497271.0,4.72486355,3.7,Raja Gosnell,Jamie Lee Curtis,17829,0,0,2,1
2005.0,82301521.0,32000000.0,50301521.0,2.57192253125,4.6,Brian Levant,Nia Long,22679,773,0,5,1
1995.0,70360285.0,18000000.0,52360285.0,3.908904722222222,5.8,Paul W.S. Anderson,Christopher Lambert,81783,0,1,6,1
2003.0,67325559.0,20000000.0,47325559.0,3.36627795,7.1,Andrew Davis,Tim Blake Nelson,58222,0,1,6,1
2002.0,48423368.0,20000000.0,28423368.0,2.4211684,5.8,Robin Budd,Roger Rees,13324,302,1,9,1
2003.0,47887943.0,20000000.0,27887943.0,2.39439715,5.4,Steve Trenbirth,Haley Joel Osment,11634,227,0,6,1
2015.0,42652003.0,20000000.0,22652003.0,2.13260015,6.8,Boaz Yakin,Jay Hernandez,18915,33000,0,1,0
2007.0,39737645.0,20000000.0,19737645.0,1.98688225,2.3,Jason Friedberg,David Carradine,89687,0,0,4,1
1982.0,37567440.0,20000000.0,17567440.0,1.878372,6.9,John Milius,William Smith,113068,0,0,4,1
1991.0,38037513.0,20000000.0,18037513.0,1.90187565,6.2,Peter Hewitt,Keanu Reeves,49680,0,0,4,1
2016.0,36874745.0,20000000.0,16874745.0,1.84373725,6.3,Kevin Reynolds,Peter Firth,12276,21000,0,3,1
2011.0,35033759.0,19000000.0,16033759.0,1.843882052631579,6.3,Todd Strauss-Schulson,Patton Oswalt,55008,21000,0,0,0
2011.0,23179303.0,20000000.0,3179303.0,1.15896515,5.8,Thomas Bezucha,Leighton Meester,32951,6000,0,0,0
1990.0,21413105.0,20000000.0,1413105.0,1.07065525,6.8,Simon Wincer,Alan Rickman,15230,0,0,3,1
2010.0,25077977.0,20000000.0,5077977.0,1.25389885,5.3,Anthony Bell,Kevin Sussman,10986,0,0,2,1
2016.0,28876924.0,20000000.0,8876924.0,1.4438462,7.1,Henry Joost,Samira Wiley,4303,0,0,3,1
1985.0,18500000.0,20000000.0,-1500000.0,0.925,7.0,Richard Donner,Matthew Broderick,33597,0,0,4,1
2007.0,18352454.0,15000000.0,3352454.0,1.2234969333333334,8.2,Sean Penn,Kristen Stewart,426359,76000,0,4,1
2012.0,17529157.0,20000000.0,-2470843.0,0.87645785,5.0,Michael J. Bassett,Radha Mitchell,49888,25000,0,7,1
2012.0,14291570.0,20000000.0,-5708430.0,0.7145785,6.1,James Mather,Joseph Gilgun,82082,10000,0,7,1
2009.0,8855646.0,21000000.0,-12144354.0,0.42169742857142856,7.2,Kirk Jones,Robert De Niro,49855,10000,0,2,1
2006.0,7382993.0,20000000.0,-12617007.0,0.36914965,2.8,Dave Borthwick,Jimmy Fallon,3851,346,0,2,1
2008.0,6563357.0,20000000.0,-13436643.0,0.32816785,5.3,Fred Wolf,Kevin Alejandro,18571,847,0,2,1
2008.0,3519627.0,20000000.0,-16480373.0,0.17598135,6.9,Rian Johnson,Zachary Gordon,41737,0,0,2,1
1997.0,2298191.0,2400000000.0,-2397701809.0,0.0009575795833333333,8.4,Hayao Miyazaki,Minnie Driver,221552,11000,0,2,1
2012.0,1064277.0,20000000.0,-18935723.0,0.05321385,6.7,Matthew Diamond,Chazz Palminteri,14015,831,0,7,1
2004.0,410388.0,2127519898.0,-2127109510.0,0.00019289502316090676,6.9,Katsuhiro Ôtomo,William Hootkins,13727,973,0,5,1
1994.0,305070.0,20000000.0,-19694930.0,0.0152535,6.4,Kevin Reynolds,Esai Morales,3843,399,0,2,1
2012.0,0.0,20000000.0,-20000000.0,0.0,5.8,Wayne Thornley,Leonard Nimoy,5203,1000,0,7,1
1990.0,184208848.0,22000000.0,162208848.0,8.373129454545454,8.0,Kevin Costner,Mary McDonnell,186485,0,1,3,1
1985.0,210609762.0,19000000.0,191609762.0,11.084724315789474,8.5,Robert Zemeckis,Lea Thompson,732212,39000,1,4,1
2000.0,15911333.0,19000000.0,-3088667.0,0.8374385789473684,3.6,Britt Allcroft,Mara Wilson,2855,663,0,3,1
2001.0,10049886.0,19000000.0,-8950114.0,0.5289413684210527,8.6,Hayao Miyazaki,Bunta Sugawara,417971,28000,0,7,1
1984.0,8600000.0,25000000.0,-16400000.0,0.344,7.0,Roger Donaldson,Liam Neeson,17982,1000,0,3,1
2008.0,8396942.0,19000000.0,-10603058.0,0.4419443157894737,6.5,Sean Anders,Katrina Bowden,72715,0,0,2,1
1998.0,10562387.0,18500000.0,-7937613.0,0.5709398378378379,7.7,Terry Gilliam,Johnny Depp,213226,15000,0,1,0
1984.0,76400000.0,17000000.0,59400000.0,4.4941176470588236,6.6,Leonard Nimoy,Leonard Nimoy,58743,0,1,3,1
1984.0,26400000.0,18000000.0,8400000.0,1.4666666666666666,5.8,Richard Fleischer,Mako,62009,2000,0,3,1
1985.0,4250320.0,18000000.0,-13749680.0,0.2361288888888889,6.8,Barry Levinson,Nicholas Rowe,14870,0,0,4,1
2010.0,18329466.0,18000000.0,329466.0,1.0183036666666667,7.6,Danny Boyle,James Franco,279179,63000,0,2,1
1981.0,8000000.0,18000000.0,-10000000.0,0.4444444444444444,5.0,William A. Fraker,Jason Robards,1400,346,0,3,1
1989.0,8508843.0,18000000.0,-9491157.0,0.4727135,5.5,Jeff Kanew,Craig T. Nelson,7470,0,0,4,1
1981.0,6000000.0,18000000.0,-12000000.0,0.3333333333333333,6.7,Matthew Robbins,Ian McDiarmid,10832,0,0,3,1
2007.0,5701643.0,20000000.0,-14298357.0,0.28508215,7.3,Sergey Bodrov,Tadanobu Asano,37635,0,0,4,1
2016.0,3707794.0,18000000.0,-14292206.0,0.20598855555555556,6.7,Jeff Nichols,Kirsten Dunst,31359,0,0,3,1
1985.0,7000000.0,17900000.0,-10900000.0,0.39106145251396646,5.0,Richard Fleischer,Ernie Reyes Jr.,30215,0,0,4,1
1986.0,85200000.0,18500000.0,66700000.0,4.605405405405405,8.4,James Cameron,Michael Biehn,488537,18000,1,5,1
2004.0,71502303.0,12000000.0,59502303.0,5.95852525,7.5,Alexander Payne,Virginia Madsen,149966,0,1,5,1
2002.0,84961.0,31000000.0,-30915039.0,0.0027406774193548386,7.9,Yimou Zhang,Jet Li,149414,0,0,9,1
2010.0,172051787.0,170000000.0,2051787.0,1.0120693352941177,6.8,Joseph Kosinski,Jeff Bridges,264186,30000,0,2,1
1999.0,11634458.0,17000000.0,-5365542.0,0.6843798823529412,5.8,Gary Halvorson,Vanessa Williams,2045,339,0,4,1
1987.0,15681020.0,17000000.0,-1318980.0,0.9224129411764705,3.6,Sidney J. Furie,Jim Broadbent,33570,1000,0,0,0
1986.0,2315683.0,17000000.0,-14684317.0,0.13621664705882353,3.0,Jim Goddard,Victor Wong,4081,154,0,5,1
1981.0,2000000.0,17000000.0,-15000000.0,0.11764705882352941,6.4,Noel Marshall,Tippi Hedren,1275,0,0,3,1
2008.0,12400000.0,11000000.0,1400000.0,1.1272727272727272,6.6,Guillaume Ivernel,Rob Paulsen,10706,0,0,2,1
2012.0,45507053.0,16000000.0,29507053.0,2.8441908125,7.8,Wes Anderson,Bruce Willis,237848,71000,1,7,1
2001.0,27087695.0,17700000.0,9387695.0,1.5303782485875705,5.9,Dennie Gordon,Brittany Daniel,41664,0,0,7,1
2007.0,21300000.0,25000000.0,-3700000.0,0.852,6.6,Peter Flinth,Gustaf Skarsgård,18041,0,0,4,1
1986.0,5900000.0,16000000.0,-10100000.0,0.36875,7.2,Russell Mulcahy,Christopher Lambert,98629,0,0,5,1
2016.0,0.0,100000000.0,-100000000.0,0.0,6.1,Timur Bekmambetov,Morgan Freeman,62,0,0,3,1
1983.0,61400000.0,15000000.0,46400000.0,4.093333333333334,7.4,Harold Ramis,Beverly D'Angelo,71183,0,1,3,1
2002.0,47811275.0,15000000.0,32811275.0,3.1874183333333335,5.4,Shawn Levy,Frankie Muniz,29008,896,1,9,1
2003.0,42672630.0,17000000.0,25672630.0,2.510154705882353,5.3,Jim Fall,Clayton Snyder,27580,0,1,6,1
1962.0,6000000.0,15000000.0,-9000000.0,0.4,8.4,David Lean,Claude Rains,192775,11000,0,1,0
2014.0,37877959.0,15000000.0,22877959.0,2.525197266666667,7.1,Jean-Marc Vallée,Michiel Huisman,86664,38000,1,6,1
2010.0,163192114.0,125000000.0,38192114.0,1.305536912,5.8,Louis Leterrier,Liam Neeson,229687,15000,0,2,1
1987.0,30857814.0,16000000.0,14857814.0,1.928613375,8.1,Rob Reiner,Robin Wright,294163,33000,0,0,0
2000.0,26421314.0,15000000.0,11421314.0,1.7614209333333333,4.0,Joe Berlinger,Kim Director,28964,949,0,3,1
2010.0,26161406.0,15000000.0,11161406.0,1.7440937333333333,6.7,Elizabeth Allen Rosenbaum,Sierra McCormick,13874,0,0,2,1
2006.0,20998709.0,15000000.0,5998709.0,1.3999139333333332,6.2,Michael Mayer,Alison Lohman,6095,1000,0,2,1
2008.0,12701880.0,15000000.0,-2298120.0,0.846792,5.7,Mike Nawrocki,Yuri Lowenthal,2037,175,0,2,1
2000.0,12801190.0,15000000.0,-2198810.0,0.8534126666666667,4.6,Douglas Aarniokoski,Christopher Lambert,16340,356,0,3,1
1998.0,11144518.0,15000000.0,-3855482.0,0.7429678666666667,2.8,Steve Gomer,Trevor Morgan,2724,436,0,1,0
2006.0,8080116.0,15000000.0,-6919884.0,0.5386744,5.6,Wil Shriner,Logan Lerman,6562,647,0,2,1
2005.0,5023275.0,15000000.0,-9976725.0,0.334885,7.5,Tommy Lee Jones,Levon Helm,34194,0,0,5,1
1986.0,1953732.0,15000000.0,-13046268.0,0.1302488,5.3,Michael Chapman,Curtis Armstrong,4996,843,0,5,1
2010.0,122288.0,12000000.0,-11877712.0,0.010190666666666667,6.4,Neil Marshall,Michael Fassbender,64777,0,0,2,1
2013.0,0.0,20000000.0,-20000000.0,0.0,5.8,Anthony Silverston,Liam Neeson,4006,0,0,4,1
2005.0,2600000.0,15000000.0,-12400000.0,0.17333333333333334,4.9,Gerry Lively,Bruce Payne,5018,473,0,5,1
1988.0,109306210.0,15800000.0,93506210.0,6.918114556962025,5.5,John Cornell,Paul Hogan,44096,489,1,2,1
1993.0,68856263.0,15000000.0,53856263.0,4.5904175333333335,6.9,Jon Turteltaub,Doug E. Doug,69733,0,1,4,1
1982.0,125500000.0,14000000.0,111500000.0,8.964285714285714,7.7,Ted Kotcheff,Sylvester Stallone,172493,0,1,4,1
1977.0,46800000.0,14000000.0,32800000.0,3.342857142857143,7.1,Lewis Gilbert,Caroline Munro,76477,0,1,2,1
1991.0,34793160.0,14000000.0,20793160.0,2.4852257142857144,6.7,Randal Kleiser,Seymour Cassel,15730,0,1,4,1
2002.0,25571351.0,14000000.0,11571351.0,1.8265250714285715,6.6,Mike Nawrocki,Phil Vischer,3135,184,0,9,1
2009.0,15483540.0,14000000.0,1483540.0,1.105967142857143,6.5,David Twohy,Chris Hemsworth,56338,4000,0,2,1
2002.0,47811275.0,15000000.0,32811275.0,3.1874183333333335,5.4,Shawn Levy,Frankie Muniz,29008,896,1,9,1
2012.0,9402410.0,14000000.0,-4597590.0,0.6716007142857143,5.4,Josh Schwartz,Thomas McDonell,11233,0,0,7,1
1978.0,1000000.0,14000000.0,-13000000.0,0.07142857142857142,6.5,James Fargo,Christopher Lee,524,76,0,2,1
2014.0,190871240.0,125000000.0,65871240.0,1.52696992,5.9,Jonathan Liebesman,Noel Fisher,167089,62000,0,6,1
2000.0,60008303.0,13000000.0,47008303.0,4.616023307692307,4.9,Chris Koch,Chris Elliott,9285,0,0,3,1
2014.0,38916903.0,13000000.0,25916903.0,2.9936079230769232,5.8,Dave Green,Teo Halm,15664,0,1,6,1
2006.0,10996440.0,13000000.0,-2003560.0,0.84588,6.3,Michael Polish,J.K. Simmons,19707,862,0,2,1
2001.0,5002310.0,13000000.0,-7997690.0,0.3847930769230769,5.6,Blair Hayes,Jake Gyllenhaal,25541,0,0,7,1
2002.0,28399192.0,13000000.0,15399192.0,2.1845532307692306,5.4,John Stainton,Steve Irwin,5663,332,0,9,1
1981.0,0.0,12500000.0,-12500000.0,0.0,7.4,Jean-Jacques Annaud,Rae Dawn Chong,16281,0,0,3,1
1937.0,0.0,0.0,0.0,,7.8,John Cromwell,David Niven,3256,337,0,0,0
1988.0,48092846.0,12500000.0,35592846.0,3.84742768,7.3,Don Bluth,Judith Barsi,61753,5000,1,2,1
1975.0,260000000.0,8000000.0,252000000.0,32.5,8.0,Steven Spielberg,Roy Scheider,412454,21000,1,2,1
1986.0,79817937.0,25000000.0,54817937.0,3.19271748,5.9,Michael Ritchie,Victor Wong,39798,0,1,5,1
1982.0,78900000.0,11000000.0,67900000.0,7.172727272727273,7.7,Nicholas Meyer,Leonard Nimoy,91414,0,1,4,1
2012.0,70011073.0,12000000.0,58011073.0,5.834256083333333,6.5,Mike McCoy,Alex Veadov,57996,15000,1,7,1
1996.0,63071133.0,12000000.0,51071133.0,5.25592775,6.8,Mike Judge,Bruce Willis,42892,0,1,3,1
2008.0,38087366.0,12000000.0,26087366.0,3.1739471666666668,6.6,Jon Hurwitz,Danneel Ackles,113918,0,1,2,1
1981.0,42365600.0,5000000.0,37365600.0,8.47312,7.0,Terry Gilliam,Shelley Duvall,45890,0,1,3,1
2006.0,167007184.0,150000000.0,17007184.0,1.1133812266666667,8.0,Martin Campbell,Eva Green,470501,0,0,2,1
2013.0,17613460.0,12000000.0,5613460.0,1.4677883333333333,7.8,Alexander Payne,Devin Ratray,91082,28000,0,4,1
1981.0,11433134.0,14000000.0,-2566866.0,0.8166524285714286,8.4,Wolfgang Petersen,Jürgen Prochnow,168203,11000,0,3,1
2004.0,11041228.0,100000000.0,-88958772.0,0.11041228,7.6,Yimou Zhang,Takeshi Kaneshiro,92295,0,0,5,1
1981.0,0.0,12000000.0,-12000000.0,0.0,5.7,Roger Spottiswoode,Robert Duvall,763,135,0,3,1
2005.0,860002.0,12000000.0,-11139998.0,0.07166683333333333,7.3,Carroll Ballard,Eamonn Walker,6454,0,0,5,1
2015.0,177343675.0,135000000.0,42343675.0,1.3136568518518519,6.7,Tim Johnson,Jim Parsons,70133,26000,0,1,0
2010.0,49827000.0,12000000.0,37827000.0,4.15225,6.1,Takashi Yamazaki,Takuya Kimura,4899,0,1,2,1
1977.0,460935665.0,11000000.0,449935665.0,41.903242272727276,8.7,George Lucas,Harrison Ford,911097,33000,1,2,1
2014.0,10230.0,0.0,10230.0,inf,7.2,Stephen Daldry,Wagner Moura,14437,0,1,6,1
1975.0,0.0,11000000.0,-11000000.0,0.0,8.1,Stanley Kubrick,Ryan O'Neal,101627,0,0,2,1
1991.0,2807854.0,11000000.0,-8192146.0,0.25525945454545457,5.1,William A. Graham,Milla Jovovich,14129,967,0,4,1
1968.0,56715371.0,12000000.0,44715371.0,4.726280916666667,8.3,Stanley Kubrick,Keir Dullea,427357,24000,1,1,0
2004.0,0.0,12500000.0,-12500000.0,0.0,6.3,Léa Pool,William Hurt,1337,392,0,5,1
1989.0,40485039.0,10000000.0,30485039.0,4.0485039,6.9,Stephen Herek,Keanu Reeves,85362,0,1,4,1
1985.0,36200000.0,12305523.0,23894477.0,2.9417685050850744,6.2,George Miller,Tina Turner,101840,0,1,4,1
1985.0,57500000.0,10000000.0,47500000.0,5.75,6.7,Mark L. Lester,Bill Duke,111649,0,1,4,1
1999.0,30651422.0,10000000.0,20651422.0,3.0651422,7.4,Kevin Smith,Matt Damon,181737,10000,1,4,1
2016.0,143695000.0,65000000.0,78695000.0,2.2106923076923075,7.3,David Lowery,Bryce Dallas Howard,408,21000,0,3,1
2002.0,13684949.0,3000000.0,10684949.0,4.561649666666667,5.9,Tuck Tucker,Jennifer Jason Leigh,4564,227,1,9,1
2005.0,11703287.0,10000000.0,1703287.0,1.1703287,7.0,Jim Hanon,Chase Ellison,4360,1000,0,5,1
2012.0,6619173.0,10000000.0,-3380827.0,0.6619173,6.7,Lorene Scafaria,Steve Carell,87203,25000,0,7,1
2006.0,5484375.0,10000000.0,-4515625.0,0.5484375,7.3,Werner Herzog,Christian Bale,84641,0,0,2,1
1981.0,800000.0,14000000.0,-13200000.0,0.05714285714285714,5.2,Franklin J. Schaffner,Frank Langella,892,106,0,3,1
2006.0,18041000.0,10000000.0,8041000.0,1.8041,6.3,Rakesh Roshan,Naseeruddin Shah,12411,533,0,2,1
2014.0,0.0,10000000.0,-10000000.0,0.0,4.8,Taedong Park,Drake Bell,162,186,0,6,1
2008.0,128486.0,10000000.0,-9871514.0,0.0128486,7.3,Jee-woon Kim,Kang-ho Song,26156,0,0,2,1
1967.0,43100000.0,9500000.0,33600000.0,4.536842105263158,6.9,Lewis Gilbert,Donald Pleasence,75280,0,1,1,0
1963.0,46300000.0,9400000.0,36900000.0,4.925531914893617,7.6,Stanley Kramer,Jonathan Winters,29323,0,1,2,1
1981.0,20000000.0,9300000.0,10700000.0,2.150537634408602,6.7,Gerald Potterton,John Vernon,23516,0,0,3,1
2009.0,113155.0,10000000.0,-9886845.0,0.0113155,6.1,Jared Hess,Jizelle Jade,9006,0,0,2,1
1965.0,63600000.0,9000000.0,54600000.0,7.066666666666666,7.0,Terence Young,Desmond Llewelyn,82073,0,1,1,0
2004.0,18225165.0,9000000.0,9225165.0,2.025018333333333,7.1,Danny Leiner,Ethan Embry,155262,0,0,5,1
1984.0,14255000.0,9000000.0,5255000.0,1.583888888888889,5.7,Stewart Raffill,Anjelica Huston,7767,0,0,3,1
2001.0,454255.0,400000000.0,-399545745.0,0.0011356375,6.6,Chatrichalerm Yukol,Sarunyu Wongkrachang,1666,124,0,7,1
1986.0,174635000.0,8800000.0,165835000.0,19.844886363636363,6.5,Peter Faiman,Paul Hogan,74743,0,1,5,1
1990.0,0.0,60000000.0,-60000000.0,0.0,6.7,Nils Gaup,Bjørn Sundquist,1984,278,0,3,1
2010.0,4018695.0,12000000.0,-7981305.0,0.33489125,8.0,Karan Johar,Shah Rukh Khan,69759,27000,0,2,1
2013.0,6262942.0,9000000.0,-2737058.0,0.6958824444444445,6.9,J.C. Chandor,Robert Redford,59545,18000,0,4,1
1999.0,1997807.0,8000000.0,-6002193.0,0.249725875,7.1,John Sayles,Mary Elizabeth Mastrantonio,5158,196,0,4,1
2006.0,23500000.0,8300000.0,15200000.0,2.8313253012048194,6.0,Serdar Akar,Necati Sasmaz,14486,467,1,2,1
1979.0,76657000.0,8000000.0,68657000.0,9.582125,7.7,James Frawley,Madeline Kahn,25498,0,1,1,0
1986.0,52287414.0,8000000.0,44287414.0,6.53592675,8.1,Rob Reiner,Marshall Bell,271794,24000,1,5,1
2016.0,0.0,0.0,0.0,,7.8,Justin Tipping,Tina Gilton,59,240,0,3,1
1969.0,22800000.0,7000000.0,15800000.0,3.257142857142857,6.8,Peter R. Hunt,Telly Savalas,59941,0,1,1,0
1983.0,0.0,8000000.0,-8000000.0,0.0,4.0,Michael Winner,Faye Dunaway,802,79,0,3,1
2009.0,686383.0,6500000.0,-5813617.0,0.10559738461538462,7.7,Tomm Moore,Sean Lennon,22811,11000,0,2,1
2013.0,23000000.0,8000000.0,15000000.0,2.875,5.1,Dennie Gordon,Leehom Wang,322,81,1,4,1
2009.0,10500000.0,12000000.0,-1500000.0,0.875,5.7,Joe Dante,Bruce Dern,19157,0,0,2,1
2007.0,336530303.0,258000000.0,78530303.0,1.3043810193798449,6.2,Sam Raimi,J.K. Simmons,383071,0,0,4,1
1999.0,12610552.0,7500000.0,5110552.0,1.6814069333333332,3.5,Robert Marcarelli,George Coe,4682,129,0,4,1
1971.0,43800000.0,7200000.0,36600000.0,6.083333333333333,6.7,Guy Hamilton,Desmond Llewelyn,74249,0,1,1,0
1973.0,35400000.0,7000000.0,28400000.0,5.057142857142857,6.8,Guy Hamilton,Yaphet Kotto,74957,0,1,1,0
1976.0,25000000.0,9000000.0,16000000.0,2.7777777777777777,6.8,Michael Anderson,Farrah Fawcett,39847,0,1,1,0
1974.0,21000000.0,13000000.0,8000000.0,1.6153846153846154,6.8,Guy Hamilton,Christopher Lee,73950,2000,0,1,0
2005.0,26005908.0,3500000.0,22505908.0,7.4302594285714285,7.2,Neil Marshall,MyAnna Buring,154938,10000,1,5,1
2012.0,304360277.0,200000000.0,104360277.0,1.521801385,7.8,Sam Mendes,Albert Finney,522048,80000,0,7,1
2002.0,6165429.0,6000000.0,165429.0,1.0275715,7.5,Phillip Noyce,Roy Billing,23486,0,0,9,1
2001.0,4720371.0,7000000.0,-2279629.0,0.6743387142857142,6.5,Mitch Davis,Anne Hathaway,3203,650,0,7,1
1977.0,1000000.0,9000000.0,-8000000.0,0.1111111111111111,6.3,Dick Richards,Catherine Deneuve,2215,122,0,2,1
2002.0,236266.0,3500000.0,-3263734.0,0.06750457142857143,6.2,Gus Van Sant,Matt Damon,15104,0,0,9,1
2012.0,0.0,7000000.0,-7000000.0,0.0,5.3,Vladlen Barbe,Erin Fitzgerald,1159,453,0,7,1
1993.0,24103594.0,6500000.0,17603594.0,3.7082452307692306,6.2,Stephen Sommers,Curtis Armstrong,6384,391,1,4,1
2010.0,55000.0,6500000.0,-6445000.0,0.008461538461538461,6.5,Ian Sharp,Ray Winstone,2892,830,0,2,1
2004.0,24004159.0,110000000.0,-85995841.0,0.21821962727272728,5.8,Frank Coraci,Jim Broadbent,68722,0,0,5,1
2008.0,7518876.0,6000000.0,1518876.0,1.253146,6.5,Jean-Jacques Mantello,Charlotte Rampling,172,28,0,2,1
1969.0,11000000.0,6244087.0,4755913.0,1.7616666776103536,8.0,Sam Peckinpah,William Holden,63192,0,0,1,0
1979.0,0.0,6000000.0,-6000000.0,0.0,7.0,Michael Crichton,Lesley-Anne Down,11623,643,0,1,0
1991.0,869325.0,6000000.0,-5130675.0,0.1448875,3.8,Sylvio Tabet,Michael Berryman,2281,125,0,4,1
1982.0,20660000.0,3500000.0,17160000.0,5.902857142857143,7.3,George Miller,Tony Bonner,5894,0,1,4,1
1989.0,14343976.0,5000000.0,9343976.0,2.8687952,4.5,Rob Hedden,Kane Hodder,22961,1000,0,4,1
2001.0,13622333.0,2000000.0,11622333.0,6.8111665,7.7,Alfonso Cuarón,Maribel Verdú,91377,0,1,7,1
1982.0,14000000.0,8000000.0,6000000.0,1.75,6.2,Don Coscarelli,Vanna Bonta,15345,0,0,4,1
2000.0,9628751.0,5000000.0,4628751.0,1.9257502,5.9,Mamoru Hosoda,Lara Jill Miller,5164,207,0,3,1
1976.0,0.0,5000000.0,-5000000.0,0.0,6.6,Richard Lester,Robert Shaw,8930,672,0,1,0
1947.0,0.0,3209000.0,-3209000.0,0.0,6.2,Richard Wallace,Judith Anderson,989,44,0,0,0
1980.0,0.0,4500000.0,-4500000.0,0.0,5.7,Randal Kleiser,Brooke Shields,50125,0,0,1,0
1956.0,0.0,4500000.0,-4500000.0,0.0,7.4,John Huston,Royal Dano,13474,0,0,0,0
2011.0,1391770.0,4500000.0,-3108230.0,0.30928222222222224,6.0,Beto Gómez,Jaime Camil,1592,0,0,0,0
2011.0,199652.0,4500000.0,-4300348.0,0.044367111111111114,6.6,Mateo Gil,Sam Shepard,7390,0,0,0,0
2014.0,8691.0,4500000.0,-4491309.0,0.0019313333333333333,5.8,Ernie Barbarash,Michael Jai White,4952,0,0,6,1
2015.0,34964818.0,150000000.0,-115035182.0,0.23309878666666667,5.8,Joe Wright,Hugh Jackman,39975,24000,0,1,0
2014.0,65007045.0,140000000.0,-74992955.0,0.4643360357142857,6.1,Ridley Scott,Christian Bale,128694,51000,0,6,1
1963.0,0.0,4000000.0,-4000000.0,0.0,8.3,John Sturges,James Coburn,165638,8000,0,2,1
2001.0,180011740.0,100000000.0,80011740.0,1.8001174,5.7,Tim Burton,Cary-Hiroyuki Tagawa,177729,0,0,7,1
2005.0,864959.0,4000000.0,-3135041.0,0.21623975,6.9,Dave McKean,Stephanie Leonidas,20275,0,0,5,1
1987.0,800000.0,4000000.0,-3200000.0,0.2,4.8,Ruggero Deodato,Michael Berryman,2308,550,0,0,0
2011.0,500000.0,4000000.0,-3500000.0,0.125,6.3,Julian Gilbey,Ed Speleers,22220,0,0,0,0
2013.0,0.0,4000000.0,-4000000.0,0.0,7.5,Aleksandr Veledinskiy,Konstantin Khabenskiy,2488,282,0,4,1
2014.0,0.0,4000000.0,-4000000.0,0.0,4.7,Bruce Macdonald,Rachel Hendrix,724,365,0,6,1
2016.0,0.0,100000000.0,-100000000.0,0.0,6.0,Timur Bekmambetov,Morgan Freeman,67,0,0,3,1
1965.0,14873.0,3800000.0,-3785127.0,0.003913947368421052,6.8,Sam Peckinpah,James Coburn,5294,251,0,1,0
1948.0,2956000.0,3700000.0,-744000.0,0.798918918918919,7.1,Vincente Minnelli,Gladys Cooper,3258,359,0,0,0
2001.0,3293258.0,3000000.0,293258.0,1.0977526666666666,5.2,Louis C.K.,Wanda Sykes,11399,0,0,7,1
2014.0,600000.0,3500000.0,-2900000.0,0.17142857142857143,3.3,Uwe Boll,Bashar Rahal,1285,721,0,6,1
1964.0,51100000.0,3000000.0,48100000.0,17.033333333333335,7.8,Guy Hamilton,Honor Blackman,139432,0,1,1,0
1970.0,17500000.0,3000000.0,14500000.0,5.833333333333333,6.1,Ted Post,Linda Harrison,32378,0,1,1,0
2000.0,68411000.0,16000000.0,52411000.0,4.2756875,5.6,Kunihiko Yuyama,Veronica Taylor,9066,38,1,3,1
1957.0,27200000.0,3000000.0,24200000.0,9.066666666666666,8.2,David Lean,William Holden,149444,0,1,1,0
1990.0,15369573.0,3000000.0,12369573.0,5.123191,5.3,Patrick Read Johnson,Ariana Richards,2580,710,1,3,1
1948.0,4506000.0,3000000.0,1506000.0,1.502,7.8,Howard Hawks,Montgomery Clift,21316,0,0,0,0
2010.0,334185206.0,200000000.0,134185206.0,1.67092603,6.5,Tim Burton,Johnny Depp,306336,24000,0,2,1
1988.0,0.0,3000000.0,-3000000.0,0.0,6.2,Monte Hellman,Everett McGill,240,37,0,2,1
2009.0,128937.0,3000000.0,-2871063.0,0.042979,6.2,Brian Caunter,Mike Starr,706,229,0,2,1
1939.0,22202612.0,2800000.0,19402612.0,7.929504285714286,8.1,Victor Fleming,Margaret Hamilton,291875,14000,1,1,0
1979.0,0.0,2700000.0,-2700000.0,0.0,7.4,Carroll Ballard,Teri Garr,8856,0,0,1,0
1963.0,0.0,2686585.0,-2686585.0,0.0,6.9,John Ford,Lee Marvin,5786,573,0,2,1
2009.0,15800000.0,15000000.0,800000.0,1.0533333333333332,7.4,Hao Ning,Jack Kao,1418,30,0,2,1
2006.0,438653.0,495303.0,-56650.0,0.8856255665723809,6.6,Mike Judge,Anthony 'Citric' Campos,108052,79000,0,2,1
1987.0,2300000.0,2300000.0,0.0,1.0,7.3,Jerry Rees,Jon Lovitz,19650,0,0,0,0
2015.0,68000.0,2100000.0,-2032000.0,0.03238095238095238,5.5,Anthony O'Brien,James Ransone,1274,380,0,1,0
1963.0,24800000.0,2000000.0,22800000.0,12.4,7.5,Terence Young,Robert Shaw,89403,0,1,2,1
1981.0,9003011.0,2000000.0,7003011.0,4.5015055,7.6,George Miller,Vernon Wells,133966,0,1,3,1
1940.0,9172000.0,1614000.0,7558000.0,5.68277571251549,7.1,Jack Conway,Hedy Lamarr,2269,236,1,1,0
2003.0,4581222.0,0.0,4581222.0,inf,8.1,Kevin Macdonald,Nicholas Aaron,26926,0,1,6,1
2003.0,1098224.0,2000000.0,-901776.0,0.549112,3.3,Gary Rogers,Noah Danby,397,32,0,6,1
1998.0,124494.0,2000000.0,-1875506.0,0.062247,6.7,Lance Mungia,Jeffrey Falcon,5613,0,0,1,0
2013.0,549632.0,2500000.0,-1950368.0,0.2198528,4.8,Bill Muir,Alex Kendrick,1278,715,0,4,1
2003.0,505295.0,1800000.0,-1294705.0,0.28071944444444447,7.5,Khyentse Norbu,Tshewang Dendup,1747,353,0,6,1
2013.0,0.0,2000000.0,-2000000.0,0.0,4.7,Richard Boddington,Natasha Henstridge,840,326,0,4,1
2007.0,12589108.0,0.0,12589108.0,inf,7.4,Patricia Riggen,America Ferrera,5526,0,1,4,1
2004.0,36830.0,1400000.0,-1363170.0,0.02630714285714286,6.6,Zak Penn,Zak Penn,3291,400,0,5,1
1966.0,0.0,1377800.0,-1377800.0,0.0,6.5,Leslie H. Martinson,Burgess Meredith,22975,0,0,0,0
2003.0,0.0,0.0,0.0,,6.1,David Caffrey,Marley Shelton,2953,480,0,6,1
1993.0,2850263.0,2600000.0,250263.0,1.096255,6.2,Rob Bowman,Alanna Ubach,5061,0,0,4,1
1963.0,0.0,1000000.0,-1000000.0,0.0,6.8,Tony Richardson,Albert Finney,8508,328,0,2,1
1962.0,16067035.0,1100000.0,14967035.0,14.606395454545455,7.3,Terence Young,Ursula Andress,116642,5000,1,1,0
1999.0,10037390.0,1000000000.0,-989962610.0,0.01003739,6.0,Takao Okawara,Hiroshi Abe,5442,339,0,4,1
2005.0,9013113.0,1000000.0,8013113.0,9.013113,7.4,Duncan Tucker,Kevin Zegers,36321,0,1,5,1
2013.0,7186670.0,6000000.0,1186670.0,1.1977783333333334,5.4,Eli Roth,Daryl Sabara,21468,12000,0,4,1
2015.0,80021740.0,58000000.0,22021740.0,1.379685172413793,6.4,Rob Letterman,Odeya Rush,47988,35000,0,1,0
2013.0,287761.0,1000000.0,-712239.0,0.287761,7.6,Anthony Powell,Josh Swanson,2482,0,0,4,1
2003.0,1310270.0,780000.0,530270.0,1.6798333333333333,6.8,Ryan Little,Corbin Allred,17725,1000,0,6,1
2007.0,5518918.0,750000.0,4768918.0,7.358557333333334,6.9,Matt Maiellaro,Tina Fey,12160,307,1,4,1
2005.0,218051260.0,207000000.0,11051260.0,1.053387729468599,7.2,Peter Jackson,Naomi Watts,316027,0,0,5,1
1974.0,39552600.0,500000.0,39052600.0,79.1052,6.1,Joe Camp,Frances Bavier,3411,816,1,1,0
2003.0,30500882.0,500000.0,30000882.0,61.001764,5.7,Chris Kentis,Blanchard Ryan,42256,0,1,6,1
1954.0,269061.0,2000000.0,-1730939.0,0.1345305,8.7,Akira Kurosawa,Takashi Shimura,229012,11000,0,0,0
2015.0,177343675.0,135000000.0,42343675.0,1.3136568518518519,6.7,Tim Johnson,Jim Parsons,70136,26000,0,1,0
2013.0,234903076.0,215000000.0,19903076.0,1.092572446511628,6.4,Sam Raimi,Tim Holmes,175413,60000,0,4,1
1975.0,1229197.0,229575.0,999622.0,5.354228465643036,8.3,Terry Gilliam,Eric Idle,382240,14000,1,2,1
1953.0,5000000.0,210000.0,4790000.0,23.80952380952381,6.7,Eugène Lourié,Kenneth Tobey,4812,465,1,1,0
2015.0,4914.0,150000.0,-145086.0,0.03276,7.0,Dena Seidel,Naderev Sano,123,215,0,1,0
